{"stats":{"minecraft:custom":{"minecraft:time_since_rest":7747,"minecraft:sprint_one_cm":32790,"minecraft:damage_taken":440,"minecraft:walk_one_cm":34499,"minecraft:mob_kills":9,"minecraft:damage_dealt":3143,"minecraft:interact_with_crafting_table":5,"minecraft:player_kills":1,"minecraft:fly_one_cm":17473,"minecraft:open_chest":13,"minecraft:play_time":26149,"minecraft:deaths":1,"minecraft:sneak_time":2,"minecraft:jump":158,"minecraft:leave_game":1,"minecraft:time_since_death":7725,"minecraft:total_world_time":26149,"minecraft:climb_one_cm":719,"minecraft:fall_one_cm":5731,"minecraft:horse_one_cm":854},"minecraft:picked_up":{"minecraft:stick":1,"minecraft:carrot":45,"minecraft:brick":1,"minecraft:string":1,"minecraft:dirt":6,"minecraft:bone":1,"minecraft:rotten_flesh":1,"minecraft:wheat_seeds":1,"minecraft:spruce_planks":5,"zombie_extreme:rotten_apple":3,"zombie_extreme:cloth":1,"alexsmobs:maggot":2},"minecraft:killed_by":{"zombie_extreme:runner":1},"minecraft:crafted":{"minecraft:wooden_sword":1,"minecraft:wooden_hoe":1,"minecraft:bone_meal":3},"minecraft:mined":{"minecraft:spruce_planks":5,"minecraft:carrots":14,"gravestone:gravestone":7,"minecraft:grass":1,"minecraft:grass_block":4,"minecraft:dead_bush":1,"minecraft:dirt":2},"minecraft:killed":{"minecraft:zombie":1,"zombie_extreme:infected":1,"zombie_extreme:night_hunter":2,"zombie_extreme:infected_juggernaut":1,"alexsmobs:fly":1,"zombie_extreme:runner":2,"zombie_extreme:fetus":1},"minecraft:used":{"alexsmobs:emu_egg":1,"minecraft:wooden_hoe":3,"minecraft:spruce_planks":6,"minecraft:rotten_flesh":1,"minecraft:stone_axe":16,"minecraft:wooden_sword":1,"prefab:item_swift_blade_stone":88,"minecraft:dirt":4,"minecraft:carrot":24,"alexsmobs:animal_dictionary":1,"minecraft:bone_meal":3}},"DataVersion":3120}