{"stats":{"minecraft:custom":{"minecraft:time_since_rest":15838,"minecraft:open_chest":7,"minecraft:play_time":15838,"minecraft:sprint_one_cm":19073,"minecraft:damage_taken":115,"minecraft:walk_one_cm":18567,"minecraft:sneak_time":1,"minecraft:mob_kills":1,"minecraft:jump":96,"minecraft:damage_dealt":330,"minecraft:time_since_death":15838,"minecraft:climb_one_cm":719,"minecraft:total_world_time":15838,"minecraft:interact_with_crafting_table":3,"minecraft:fall_one_cm":2319,"minecraft:fly_one_cm":9891,"minecraft:player_kills":1,"minecraft:horse_one_cm":550},"minecraft:picked_up":{"minecraft:stick":1,"minecraft:wheat_seeds":1,"alexsmobs:maggot":2,"minecraft:carrot":37,"minecraft:dirt":4},"minecraft:crafted":{"minecraft:wooden_sword":1,"minecraft:wooden_hoe":1},"minecraft:mined":{"gravestone:gravestone":5,"minecraft:grass":1,"minecraft:grass_block":4,"minecraft:dead_bush":1,"minecraft:carrots":12},"minecraft:killed":{"alexsmobs:fly":1},"minecraft:used":{"minecraft:wooden_hoe":2,"prefab:item_swift_blade_stone":3,"minecraft:wooden_sword":1,"minecraft:carrot":19,"alexsmobs:animal_dictionary":1,"alexsmobs:emu_egg":1}},"DataVersion":3120}