{"stats":{"minecraft:custom":{"minecraft:jump":193,"minecraft:time_since_rest":14463,"minecraft:crouch_one_cm":3269,"minecraft:deaths":1,"minecraft:sprint_one_cm":58415,"minecraft:play_time":17627,"minecraft:damage_taken":325,"minecraft:time_since_death":14432,"minecraft:walk_one_cm":28567,"minecraft:sneak_time":851,"minecraft:climb_one_cm":2409,"minecraft:total_world_time":17627,"minecraft:fall_one_cm":6031,"minecraft:fly_one_cm":39116,"minecraft:open_barrel":1,"minecraft:open_chest":1},"minecraft:mined":{"minecraft:glass":2,"minecraft:white_stained_glass_pane":6},"minecraft:killed_by":{"zombie_extreme:runner":1},"minecraft:picked_up":{"minecraft:egg":1}},"DataVersion":3120}