{"stats":{"minecraft:custom":{"minecraft:time_since_rest":3306,"minecraft:sprint_one_cm":226462,"minecraft:damage_taken":1480,"minecraft:walk_one_cm":135535,"minecraft:mob_kills":19,"minecraft:damage_dealt":3779,"minecraft:interact_with_crafting_table":5,"minecraft:swim_one_cm":350,"minecraft:fly_one_cm":186909,"minecraft:open_barrel":2,"minecraft:open_chest":25,"minecraft:crouch_one_cm":9462,"minecraft:play_time":77627,"minecraft:deaths":5,"minecraft:sneak_time":4648,"minecraft:walk_under_water_one_cm":344,"minecraft:jump":884,"minecraft:time_since_death":3584,"minecraft:walk_on_water_one_cm":3885,"minecraft:sleep_in_bed":4,"minecraft:climb_one_cm":31486,"minecraft:total_world_time":77627,"minecraft:fall_one_cm":25152,"minecraft:horse_one_cm":1525},"minecraft:mined":{"minecraft:tuff":24,"minecraft:quartz_block":2,"minecraft:spruce_log":1,"treechop:chopped_log":2,"minecraft:crafting_table":1,"gravestone:gravestone":5,"minecraft:grass":8,"minecraft:grass_block":3,"minecraft:white_stained_glass_pane":11,"minecraft:gravel":12,"minecraft:dirt":10,"minecraft:glass":2,"minecraft:tall_grass":7,"minecraft:stone":9,"minecraft:deepslate":54},"minecraft:killed":{"minecraft:horse":3,"minecraft:donkey":1,"minecraft:zombie":10,"alexsmobs:gazelle":1,"zombie_extreme:infected_military":1,"zombie_extreme:runner":2},"minecraft:used":{"minecraft:wooden_axe":8,"minecraft:stone_sword":109,"minecraft:bread":7,"minecraft:stone_pickaxe":96,"minecraft:wooden_pickaxe":21,"minecraft:rotten_flesh":1,"minecraft:torch":5,"minecraft:cobblestone":4,"minecraft:crafting_table":1,"minecraft:cobbled_deepslate":8,"minecraft:spruce_log":4},"minecraft:killed_by":{"zombie_extreme:infected_military":2,"zombie_extreme:night_hunter":1,"minecraft:zombie":1,"zombie_extreme:runner":1},"minecraft:crafted":{"minecraft:saddle":1,"minecraft:crafting_table":1,"minecraft:spruce_planks":28,"minecraft:stick":8,"minecraft:wooden_axe":1,"minecraft:wooden_pickaxe":1,"minecraft:stone_pickaxe":1,"minecraft:stone_sword":1,"minecraft:torch":4},"minecraft:picked_up":{"minecraft:stick":3,"minecraft:crafting_table":1,"minecraft:leather":5,"minecraft:torch":1,"minecraft:gravel":11,"minecraft:flint":1,"minecraft:string":1,"minecraft:tuff":24,"minecraft:gunpowder":6,"minecraft:spider_eye":2,"minecraft:spruce_log":16,"minecraft:dirt":13,"minecraft:quartz_block":2,"minecraft:bone":1,"minecraft:rotten_flesh":13,"minecraft:wheat_seeds":6,"minecraft:cobbled_deepslate":54,"zombie_extreme:rotten_apple":2,"minecraft:oak_sapling":1,"minecraft:phantom_membrane":1,"minecraft:cobblestone":9,"minecraft:egg":1}},"DataVersion":3120}