{"stats":{"minecraft:custom":{"minecraft:interact_with_furnace":2,"minecraft:mob_kills":25,"minecraft:interact_with_crafting_table":10,"minecraft:open_barrel":7,"minecraft:leave_game":3,"minecraft:time_since_death":146127,"minecraft:sleep_in_bed":7,"minecraft:climb_one_cm":49040,"minecraft:time_since_rest":78051,"minecraft:sprint_one_cm":409158,"minecraft:damage_taken":2108,"minecraft:walk_one_cm":212778,"minecraft:drop":7,"minecraft:damage_dealt":5079,"minecraft:swim_one_cm":915,"minecraft:fly_one_cm":337404,"minecraft:open_chest":39,"minecraft:crouch_one_cm":9766,"minecraft:play_time":220170,"minecraft:deaths":5,"minecraft:sneak_time":4788,"minecraft:walk_under_water_one_cm":2648,"minecraft:jump":1622,"minecraft:walk_on_water_one_cm":9381,"minecraft:total_world_time":220170,"minecraft:fall_one_cm":43738,"minecraft:horse_one_cm":11130},"minecraft:picked_up":{"minecraft:crafting_table":1,"minecraft:wheat":4,"minecraft:leather":5,"minecraft:potato":4,"minecraft:flint":1,"minecraft:tuff":24,"minecraft:gunpowder":19,"minecraft:dirt":15,"minecraft:string":1,"minecraft:name_tag":1,"minecraft:bone":2,"minecraft:wheat_seeds":43,"minecraft:cobbled_deepslate":54,"minecraft:bucket":1,"minecraft:beef":1,"minecraft:chest":1,"minecraft:phantom_membrane":2,"minecraft:egg":1,"minecraft:stick":6,"minecraft:music_disc_13":1,"minecraft:sweet_berries":6,"minecraft:torch":1,"minecraft:gravel":12,"minecraft:carrot":33,"minecraft:redstone":4,"minecraft:spruce_log":16,"minecraft:iron_horse_armor":1,"minecraft:spider_eye":2,"alexsmobs:animal_dictionary":1,"minecraft:quartz_block":6,"minecraft:stone_sword":1,"minecraft:slime_ball":1,"minecraft:rotten_flesh":20,"zombie_extreme:rotten_apple":2,"alexsmobs:emu_egg":1,"minecraft:oak_sapling":1,"minecraft:coal":24,"minecraft:ender_pearl":1,"minecraft:cobblestone":14},"minecraft:broken":{"minecraft:stone_sword":1},"minecraft:killed_by":{"zombie_extreme:infected_military":2,"zombie_extreme:night_hunter":1,"minecraft:zombie":1,"zombie_extreme:runner":1},"minecraft:crafted":{"minecraft:cooked_beef":1,"minecraft:saddle":1,"minecraft:crafting_table":2,"minecraft:spruce_planks":80,"minecraft:wooden_pickaxe":1,"minecraft:bone_meal":15,"minecraft:bread":5,"minecraft:wooden_hoe":1,"minecraft:stick":12,"minecraft:stone_pickaxe":1,"minecraft:wooden_axe":1,"minecraft:stone_sword":2,"minecraft:torch":4},"minecraft:dropped":{"minecraft:sweet_berries":6,"minecraft:wheat_seeds":6,"minecraft:stone_sword":1,"alexsmobs:animal_dictionary":1,"minecraft:tuff":24,"minecraft:phantom_membrane":1},"minecraft:mined":{"minecraft:tuff":24,"minecraft:quartz_block":6,"minecraft:crafting_table":1,"gravestone:gravestone":5,"minecraft:grass_block":5,"minecraft:chest":1,"minecraft:white_stained_glass_pane":11,"minecraft:glass":2,"minecraft:tall_grass":22,"minecraft:carrots":9,"minecraft:wheat":12,"minecraft:spruce_log":1,"treechop:chopped_log":2,"minecraft:grass":96,"minecraft:coal_ore":16,"minecraft:gravel":13,"minecraft:dirt":10,"minecraft:stone":14,"minecraft:deepslate":54},"minecraft:killed":{"zombie_extreme:infected_military":1,"minecraft:horse":3,"minecraft:donkey":1,"minecraft:zombie":14,"alexsmobs:gazelle":1,"campsite_structures:camper":1,"zombie_extreme:runner":2,"minecraft:cow":1},"minecraft:used":{"minecraft:wheat_seeds":22,"minecraft:stone_sword":142,"minecraft:stone_pickaxe":155,"minecraft:ender_pearl":1,"minecraft:wooden_pickaxe":21,"minecraft:rotten_flesh":1,"minecraft:torch":5,"minecraft:crafting_table":2,"minecraft:carrot":23,"minecraft:spruce_log":4,"minecraft:wooden_axe":9,"minecraft:wooden_hoe":8,"minecraft:bread":20,"minecraft:cobblestone":6,"minecraft:cooked_beef":1,"minecraft:cobbled_deepslate":8,"minecraft:bone_meal":15}},"DataVersion":3120}