{"stats":{"minecraft:custom":{"minecraft:time_since_rest":5282,"minecraft:sprint_one_cm":93208,"minecraft:damage_taken":575,"minecraft:walk_one_cm":52759,"minecraft:interact_with_crafting_table":3,"minecraft:swim_one_cm":350,"minecraft:fly_one_cm":63704,"minecraft:open_barrel":1,"minecraft:open_chest":1,"minecraft:crouch_one_cm":4580,"minecraft:play_time":29627,"minecraft:deaths":2,"minecraft:sneak_time":1281,"minecraft:walk_under_water_one_cm":154,"minecraft:jump":341,"minecraft:time_since_death":5411,"minecraft:walk_on_water_one_cm":2266,"minecraft:sleep_in_bed":1,"minecraft:climb_one_cm":3582,"minecraft:total_world_time":29627,"minecraft:fall_one_cm":11861},"minecraft:mined":{"treechop:chopped_log":2,"minecraft:crafting_table":1,"gravestone:gravestone":2,"minecraft:grass":2,"minecraft:grass_block":3,"minecraft:white_stained_glass_pane":11,"minecraft:dirt":10,"minecraft:glass":2,"minecraft:stone":6},"minecraft:used":{"minecraft:wooden_axe":8,"minecraft:stone_sword":1,"minecraft:wooden_pickaxe":21,"minecraft:crafting_table":1},"minecraft:killed_by":{"zombie_extreme:night_hunter":1,"zombie_extreme:runner":1},"minecraft:crafted":{"minecraft:crafting_table":1,"minecraft:spruce_planks":28,"minecraft:stick":4,"minecraft:wooden_axe":1,"minecraft:wooden_pickaxe":1,"minecraft:stone_pickaxe":1,"minecraft:stone_sword":1},"minecraft:picked_up":{"minecraft:stick":3,"minecraft:crafting_table":1,"minecraft:spruce_log":15,"minecraft:dirt":13,"minecraft:oak_sapling":1,"minecraft:cobblestone":6,"minecraft:egg":1}},"DataVersion":3120}