{"stats":{"minecraft:custom":{"minecraft:time_since_rest":4142,"minecraft:sprint_one_cm":156131,"minecraft:damage_taken":1145,"minecraft:walk_one_cm":115749,"minecraft:mob_kills":3,"minecraft:damage_dealt":568,"minecraft:interact_with_crafting_table":3,"minecraft:swim_one_cm":350,"minecraft:fly_one_cm":108264,"minecraft:open_barrel":2,"minecraft:open_chest":23,"minecraft:crouch_one_cm":8547,"minecraft:play_time":65627,"minecraft:deaths":4,"minecraft:sneak_time":3958,"minecraft:walk_under_water_one_cm":344,"minecraft:jump":600,"minecraft:time_since_death":4117,"minecraft:walk_on_water_one_cm":3885,"minecraft:sleep_in_bed":3,"minecraft:climb_one_cm":31486,"minecraft:total_world_time":65627,"minecraft:fall_one_cm":15782},"minecraft:killed":{"minecraft:zombie":2,"zombie_extreme:infected_military":1},"minecraft:mined":{"minecraft:tuff":24,"minecraft:quartz_block":2,"treechop:chopped_log":2,"minecraft:crafting_table":1,"gravestone:gravestone":4,"minecraft:grass":8,"minecraft:grass_block":3,"minecraft:white_stained_glass_pane":11,"minecraft:gravel":12,"minecraft:dirt":10,"minecraft:glass":2,"minecraft:tall_grass":7,"minecraft:stone":9,"minecraft:deepslate":54},"minecraft:used":{"minecraft:wooden_axe":8,"minecraft:stone_sword":27,"minecraft:bread":3,"minecraft:stone_pickaxe":96,"minecraft:wooden_pickaxe":21,"minecraft:rotten_flesh":1,"minecraft:torch":5,"minecraft:cobblestone":4,"minecraft:crafting_table":1,"minecraft:cobbled_deepslate":8},"minecraft:killed_by":{"zombie_extreme:infected_military":2,"zombie_extreme:night_hunter":1,"zombie_extreme:runner":1},"minecraft:crafted":{"minecraft:crafting_table":1,"minecraft:spruce_planks":28,"minecraft:stick":8,"minecraft:wooden_axe":1,"minecraft:wooden_pickaxe":1,"minecraft:stone_pickaxe":1,"minecraft:stone_sword":1,"minecraft:torch":4},"minecraft:picked_up":{"minecraft:stick":3,"minecraft:crafting_table":1,"minecraft:torch":1,"minecraft:gravel":11,"minecraft:flint":1,"minecraft:tuff":24,"minecraft:spruce_log":15,"minecraft:dirt":13,"minecraft:quartz_block":2,"minecraft:wheat_seeds":6,"minecraft:cobbled_deepslate":54,"minecraft:oak_sapling":1,"minecraft:cobblestone":9,"minecraft:egg":1}},"DataVersion":3120}