{"stats":{"minecraft:killed_by":{"zombie_extreme:infected_military":2,"zombie_extreme:night_hunter":1,"minecraft:zombie":1,"zombie_extreme:runner":1},"minecraft:dropped":{"minecraft:sweet_berries":6,"minecraft:wheat_seeds":6,"alexsmobs:animal_dictionary":1,"minecraft:tuff":24,"minecraft:phantom_membrane":1},"minecraft:used":{"minecraft:stone_sword":109,"minecraft:stone_pickaxe":98,"minecraft:wooden_pickaxe":21,"minecraft:rotten_flesh":1,"minecraft:torch":5,"minecraft:crafting_table":1,"minecraft:spruce_log":4,"minecraft:wooden_axe":9,"minecraft:bread":12,"minecraft:cobblestone":4,"minecraft:cobbled_deepslate":8},"minecraft:custom":{"minecraft:mob_kills":19,"minecraft:interact_with_crafting_table":5,"minecraft:open_barrel":3,"minecraft:leave_game":1,"minecraft:time_since_death":25800,"minecraft:sleep_in_bed":5,"minecraft:climb_one_cm":31486,"minecraft:time_since_rest":8164,"minecraft:sprint_one_cm":335503,"minecraft:damage_taken":1550,"minecraft:walk_one_cm":165319,"minecraft:drop":6,"minecraft:damage_dealt":3789,"minecraft:swim_one_cm":915,"minecraft:fly_one_cm":286629,"minecraft:open_chest":32,"minecraft:crouch_one_cm":9671,"minecraft:play_time":99843,"minecraft:deaths":5,"minecraft:sneak_time":4756,"minecraft:walk_under_water_one_cm":474,"minecraft:jump":1315,"minecraft:walk_on_water_one_cm":4341,"minecraft:total_world_time":99843,"minecraft:fall_one_cm":35877,"minecraft:horse_one_cm":8713},"minecraft:crafted":{"minecraft:saddle":1,"minecraft:crafting_table":1,"minecraft:spruce_planks":28,"minecraft:wooden_pickaxe":1,"minecraft:stick":8,"minecraft:stone_pickaxe":1,"minecraft:wooden_axe":1,"minecraft:stone_sword":1,"minecraft:torch":4},"minecraft:picked_up":{"minecraft:crafting_table":1,"minecraft:wheat":2,"minecraft:leather":5,"minecraft:flint":1,"minecraft:tuff":24,"minecraft:gunpowder":19,"minecraft:dirt":14,"minecraft:string":1,"minecraft:name_tag":1,"minecraft:bone":1,"minecraft:wheat_seeds":12,"minecraft:cobbled_deepslate":54,"minecraft:bucket":1,"minecraft:chest":1,"minecraft:phantom_membrane":2,"minecraft:egg":1,"minecraft:stick":6,"minecraft:music_disc_13":1,"minecraft:sweet_berries":6,"minecraft:torch":1,"minecraft:gravel":11,"minecraft:redstone":4,"minecraft:spruce_log":16,"minecraft:iron_horse_armor":1,"minecraft:spider_eye":2,"alexsmobs:animal_dictionary":1,"minecraft:quartz_block":4,"minecraft:rotten_flesh":18,"zombie_extreme:rotten_apple":2,"alexsmobs:emu_egg":1,"minecraft:oak_sapling":1,"minecraft:coal":8,"minecraft:cobblestone":9},"minecraft:killed":{"zombie_extreme:infected_military":1,"minecraft:horse":3,"minecraft:donkey":1,"minecraft:zombie":10,"alexsmobs:gazelle":1,"zombie_extreme:runner":2},"minecraft:mined":{"minecraft:tuff":24,"minecraft:quartz_block":4,"minecraft:crafting_table":1,"gravestone:gravestone":5,"minecraft:grass_block":4,"minecraft:chest":1,"minecraft:white_stained_glass_pane":11,"minecraft:glass":2,"minecraft:tall_grass":7,"minecraft:spruce_log":1,"treechop:chopped_log":2,"minecraft:grass":8,"minecraft:gravel":12,"minecraft:dirt":10,"minecraft:stone":9,"minecraft:deepslate":54}},"DataVersion":3120}