{"stats":{"minecraft:custom":{"minecraft:jump":156,"minecraft:time_since_rest":2463,"minecraft:crouch_one_cm":1575,"minecraft:deaths":1,"minecraft:sprint_one_cm":36947,"minecraft:play_time":5627,"minecraft:damage_taken":295,"minecraft:time_since_death":2432,"minecraft:walk_one_cm":10905,"minecraft:sneak_time":449,"minecraft:climb_one_cm":791,"minecraft:total_world_time":5627,"minecraft:fall_one_cm":5195,"minecraft:fly_one_cm":33113,"minecraft:open_barrel":1,"minecraft:open_chest":1},"minecraft:mined":{"minecraft:glass":2},"minecraft:killed_by":{"zombie_extreme:runner":1},"minecraft:picked_up":{"minecraft:egg":1}},"DataVersion":3120}