{"stats":{"minecraft:custom":{"minecraft:time_since_rest":14217,"minecraft:sprint_one_cm":128672,"minecraft:damage_taken":605,"minecraft:walk_one_cm":83568,"minecraft:mob_kills":2,"minecraft:damage_dealt":378,"minecraft:interact_with_crafting_table":3,"minecraft:swim_one_cm":350,"minecraft:fly_one_cm":93963,"minecraft:open_barrel":1,"minecraft:open_chest":15,"minecraft:crouch_one_cm":7732,"minecraft:play_time":53627,"minecraft:deaths":2,"minecraft:sneak_time":3623,"minecraft:walk_under_water_one_cm":154,"minecraft:jump":516,"minecraft:time_since_death":29411,"minecraft:walk_on_water_one_cm":2266,"minecraft:sleep_in_bed":2,"minecraft:climb_one_cm":19243,"minecraft:total_world_time":53627,"minecraft:fall_one_cm":13843},"minecraft:killed":{"minecraft:zombie":2},"minecraft:mined":{"minecraft:tuff":24,"treechop:chopped_log":2,"minecraft:crafting_table":1,"gravestone:gravestone":2,"minecraft:grass":7,"minecraft:grass_block":3,"minecraft:white_stained_glass_pane":11,"minecraft:gravel":12,"minecraft:dirt":10,"minecraft:glass":2,"minecraft:tall_grass":7,"minecraft:stone":9,"minecraft:deepslate":53},"minecraft:used":{"minecraft:wooden_axe":8,"minecraft:stone_sword":21,"minecraft:bread":3,"minecraft:stone_pickaxe":93,"minecraft:wooden_pickaxe":21,"minecraft:rotten_flesh":1,"minecraft:torch":4,"minecraft:cobblestone":4,"minecraft:crafting_table":1,"minecraft:cobbled_deepslate":6},"minecraft:killed_by":{"zombie_extreme:night_hunter":1,"zombie_extreme:runner":1},"minecraft:crafted":{"minecraft:crafting_table":1,"minecraft:spruce_planks":28,"minecraft:stick":8,"minecraft:wooden_axe":1,"minecraft:wooden_pickaxe":1,"minecraft:stone_pickaxe":1,"minecraft:stone_sword":1,"minecraft:torch":4},"minecraft:picked_up":{"minecraft:stick":3,"minecraft:crafting_table":1,"minecraft:gravel":11,"minecraft:flint":1,"minecraft:tuff":24,"minecraft:spruce_log":15,"minecraft:dirt":13,"minecraft:wheat_seeds":6,"minecraft:cobbled_deepslate":53,"minecraft:oak_sapling":1,"minecraft:cobblestone":9,"minecraft:egg":1}},"DataVersion":3120}