{"stats":{"minecraft:custom":{"minecraft:open_barrel":2,"minecraft:open_chest":3,"minecraft:time_since_rest":3413,"minecraft:play_time":50697,"minecraft:interact_with_loom":1,"minecraft:crouch_one_cm":7354,"minecraft:interact_with_furnace":1,"minecraft:sprint_one_cm":37083,"minecraft:deaths":1,"minecraft:damage_taken":365,"minecraft:walk_one_cm":122243,"minecraft:sneak_time":2348,"minecraft:mob_kills":1,"minecraft:jump":218,"minecraft:damage_dealt":298,"minecraft:leave_game":1,"minecraft:time_since_death":3174,"minecraft:walk_on_water_one_cm":48,"minecraft:sleep_in_bed":2,"minecraft:total_world_time":50697,"minecraft:climb_one_cm":3595,"minecraft:fall_one_cm":4338,"minecraft:fly_one_cm":22425},"minecraft:picked_up":{"minecraft:rotten_flesh":2,"minecraft:wheat_seeds":28,"minecraft:carrot":11,"minecraft:oak_planks":1,"minecraft:dirt":35},"minecraft:killed_by":{"minecraft:zombie":1},"minecraft:mined":{"minecraft:grass":180,"minecraft:grass_block":36,"minecraft:carrots":4,"minecraft:dirt":1,"minecraft:tall_grass":11,"minecraft:oak_planks":1},"minecraft:killed":{"zombie_extreme:boomer":1},"minecraft:used":{"minecraft:wheat_seeds":14,"minecraft:dirt":34,"minecraft:oak_planks":1,"minecraft:carrot":12}},"DataVersion":3120}