{"stats":{"minecraft:used":{"minecraft:wheat_seeds":14,"minecraft:dirt":34,"minecraft:oak_planks":1},"minecraft:custom":{"minecraft:open_barrel":2,"minecraft:time_since_rest":3109,"minecraft:open_chest":2,"minecraft:interact_with_loom":1,"minecraft:play_time":29770,"minecraft:crouch_one_cm":7264,"minecraft:interact_with_furnace":1,"minecraft:sprint_one_cm":24622,"minecraft:damage_taken":70,"minecraft:walk_one_cm":73499,"minecraft:sneak_time":2256,"minecraft:jump":108,"minecraft:time_since_death":29770,"minecraft:walk_on_water_one_cm":48,"minecraft:sleep_in_bed":1,"minecraft:total_world_time":29770,"minecraft:climb_one_cm":2723,"minecraft:fall_one_cm":2659,"minecraft:fly_one_cm":7665},"minecraft:picked_up":{"minecraft:wheat_seeds":20,"minecraft:oak_planks":1,"minecraft:dirt":35},"minecraft:mined":{"minecraft:grass":115,"minecraft:grass_block":36,"minecraft:dirt":1,"minecraft:tall_grass":10,"minecraft:oak_planks":1}},"DataVersion":3120}