{"stats":{"minecraft:picked_up":{"minecraft:rotten_flesh":2,"minecraft:wheat_seeds":28,"minecraft:carrot":11,"minecraft:oak_planks":1,"minecraft:dirt":35},"minecraft:custom":{"minecraft:open_chest":3,"minecraft:time_since_rest":0,"minecraft:play_time":56953,"minecraft:interact_with_loom":1,"minecraft:crouch_one_cm":7354,"minecraft:interact_with_furnace":1,"minecraft:sprint_one_cm":43497,"minecraft:damage_taken":610,"minecraft:walk_one_cm":130759,"minecraft:deaths":2,"minecraft:sneak_time":2348,"minecraft:mob_kills":1,"minecraft:jump":249,"minecraft:damage_dealt":298,"minecraft:leave_game":4,"minecraft:time_since_death":0,"minecraft:walk_on_water_one_cm":48,"minecraft:sleep_in_bed":4,"minecraft:total_world_time":56953,"minecraft:climb_one_cm":3595,"minecraft:fall_one_cm":5234,"minecraft:fly_one_cm":28738,"minecraft:open_barrel":2},"minecraft:used":{"minecraft:wheat_seeds":14,"minecraft:dirt":34,"minecraft:oak_planks":1,"minecraft:carrot":12},"minecraft:mined":{"gravestone:gravestone":1,"minecraft:grass":180,"minecraft:grass_block":36,"minecraft:carrots":4,"minecraft:dirt":1,"minecraft:tall_grass":11,"minecraft:oak_planks":1},"minecraft:killed":{"zombie_extreme:boomer":1},"minecraft:killed_by":{"zombie_extreme:infected_juggernaut":1,"minecraft:zombie":1}},"DataVersion":3120}