{"stats":{"minecraft:custom":{"minecraft:jump":132,"minecraft:open_chest":2,"minecraft:time_since_rest":8002,"minecraft:leave_game":1,"minecraft:crouch_one_cm":183,"minecraft:sprint_one_cm":22148,"minecraft:deaths":1,"minecraft:play_time":9522,"minecraft:damage_taken":500,"minecraft:time_since_death":7289,"minecraft:walk_one_cm":56623,"minecraft:sneak_time":45,"minecraft:climb_one_cm":48,"minecraft:total_world_time":11291,"minecraft:fall_one_cm":2122,"minecraft:fly_one_cm":10419},"minecraft:killed_by":{"minecraft:pillager":1},"minecraft:mined":{"minecraft:grass":1},"minecraft:picked_up":{"minecraft:wheat_seeds":1}},"DataVersion":3120}