{"stats":{"minecraft:mined":{"minecraft:grass_block":3,"minecraft:gravel":3,"minecraft:dirt":8,"minecraft:powder_snow":50,"treechop:chopped_log":2},"minecraft:crafted":{"biomesoplenty:fir_planks":188},"minecraft:used":{"minecraft:apple":1,"minecraft:dirt":10,"fallout_inspired_power_armor:warped_t_60helmet":1},"minecraft:custom":{"minecraft:time_since_rest":30041,"minecraft:walk_under_water_one_cm":1587,"minecraft:crouch_one_cm":325,"minecraft:sprint_one_cm":63651,"minecraft:play_time":30041,"minecraft:damage_taken":40,"minecraft:walk_one_cm":113810,"minecraft:sneak_time":67,"minecraft:jump":335,"minecraft:leave_game":1,"minecraft:walk_on_water_one_cm":2695,"minecraft:time_since_death":30041,"minecraft:total_world_time":30041,"minecraft:swim_one_cm":870,"minecraft:fall_one_cm":5643,"minecraft:fly_one_cm":56438},"minecraft:picked_up":{"minecraft:stick":10,"fallout_inspired_power_armor:armor_spawner":1,"fallout_inspired_power_armor:warped_t_60helmet":2,"fallout_inspired_power_armor:warped_t_60leg":1,"minecraft:apple":1,"biomesoplenty:fir_sapling":15,"minecraft:gravel":2,"biomesoplenty:fir_log":47,"minecraft:flint":1,"minecraft:oak_log":4,"minecraft:dirt":11}},"DataVersion":3120}