{"stats":{"minecraft:custom":{"minecraft:interact_with_furnace":4,"minecraft:mob_kills":36,"minecraft:interact_with_crafting_table":7,"minecraft:open_barrel":5,"minecraft:leave_game":11,"minecraft:time_since_death":21085,"minecraft:sleep_in_bed":3,"minecraft:climb_one_cm":13472,"minecraft:time_since_rest":5467,"minecraft:sprint_one_cm":142970,"minecraft:damage_taken":2558,"minecraft:walk_one_cm":274278,"minecraft:drop":1,"minecraft:damage_dealt":7196,"minecraft:swim_one_cm":266,"minecraft:fly_one_cm":85744,"minecraft:open_chest":8,"minecraft:crouch_one_cm":14789,"minecraft:play_time":105321,"minecraft:deaths":8,"minecraft:sneak_time":6678,"minecraft:walk_under_water_one_cm":288,"minecraft:jump":813,"minecraft:walk_on_water_one_cm":806,"minecraft:total_world_time":107090,"minecraft:fall_one_cm":13689},"minecraft:picked_up":{"minecraft:cocoa_beans":11,"minecraft:jungle_log":27,"minecraft:andesite":5,"minecraft:leather":2,"minecraft:brick":1,"minecraft:gunpowder":4,"alexsmobs:gazelle_horn":1,"minecraft:dirt":10,"minecraft:bone":3,"minecraft:stone_bricks":2,"minecraft:wheat_seeds":2,"minecraft:beef":4,"minecraft:jungle_sapling":6,"minecraft:egg":1,"minecraft:stick":7,"minecraft:porkchop":4,"minecraft:white_bed":1,"minecraft:carrot":1,"minecraft:rotten_flesh":4,"minecraft:stone_sword":1,"minecraft:mutton":6,"minecraft:white_wool":3,"minecraft:cobblestone":28},"minecraft:broken":{"minecraft:stone_sword":1},"minecraft:killed_by":{"minecraft:zombie":2,"minecraft:pillager":1,"zombie_extreme:runner":1,"zombie_extreme:assasin_black_ops":1,"zombie_extreme:ram":2},"minecraft:crafted":{"minecraft:crafting_table":3,"minecraft:wooden_pickaxe":1,"minecraft:stone_axe":1,"minecraft:cooked_mutton":6,"minecraft:air":0,"minecraft:jungle_planks":40,"minecraft:charcoal":17,"minecraft:stick":4,"minecraft:stone_pickaxe":1,"minecraft:stone_sword":2,"minecraft:white_bed":1},"minecraft:dropped":{"minecraft:stone_sword":1},"minecraft:mined":{"minecraft:white_bed":1,"gravestone:gravestone":5,"minecraft:grass_block":3,"minecraft:jungle_log":3,"minecraft:white_stained_glass_pane":12,"minecraft:glass":2,"minecraft:andesite":5,"treechop:chopped_log":3,"minecraft:grass":9,"minecraft:vine":4,"minecraft:dirt":7,"minecraft:stone":28,"minecraft:stone_bricks":2,"minecraft:oak_leaves":2},"minecraft:killed":{"minecraft:pig":2,"zombie_extreme:infected":1,"minecraft:sheep":3,"minecraft:zombie":26,"alexsmobs:gazelle":1,"zombie_extreme:ram":1,"minecraft:cow":2},"minecraft:used":{"minecraft:leather_leggings":1,"minecraft:stone_sword":125,"minecraft:wooden_pickaxe":47,"minecraft:leather_chestplate":1,"minecraft:leather_boots":1,"minecraft:dirt":1,"minecraft:crafting_table":3,"minecraft:jungle_planks":4,"minecraft:white_bed":2,"minecraft:apple":5,"zombie_extreme:dog_food":1,"minecraft:leather_helmet":1,"minecraft:stone_bricks":2,"minecraft:stone_axe":66,"minecraft:cobblestone":2,"minecraft:andesite":5}},"DataVersion":3120}