{"stats":{"minecraft:used":{"minecraft:wooden_pickaxe":43,"minecraft:cobblestone":2,"minecraft:crafting_table":2,"minecraft:jungle_planks":3},"minecraft:custom":{"minecraft:time_since_rest":0,"minecraft:sprint_one_cm":77326,"minecraft:damage_taken":1115,"minecraft:walk_one_cm":106665,"minecraft:mob_kills":1,"minecraft:damage_dealt":138,"minecraft:interact_with_crafting_table":4,"minecraft:fly_one_cm":49034,"minecraft:open_chest":2,"minecraft:crouch_one_cm":8453,"minecraft:play_time":46720,"minecraft:deaths":4,"minecraft:sneak_time":3912,"minecraft:walk_under_water_one_cm":71,"minecraft:jump":395,"minecraft:leave_game":5,"minecraft:walk_on_water_one_cm":226,"minecraft:time_since_death":0,"minecraft:climb_one_cm":408,"minecraft:total_world_time":48489,"minecraft:fall_one_cm":8552},"minecraft:killed_by":{"zombie_extreme:assasin_black_ops":1,"zombie_extreme:runner":1,"minecraft:pillager":1},"minecraft:picked_up":{"minecraft:cocoa_beans":1,"minecraft:stick":4,"minecraft:jungle_log":10,"minecraft:andesite":5,"minecraft:leather":1,"minecraft:dirt":10,"minecraft:wheat_seeds":2,"minecraft:beef":1,"minecraft:jungle_sapling":3,"minecraft:cobblestone":28},"minecraft:mined":{"minecraft:andesite":5,"treechop:chopped_log":1,"minecraft:grass":7,"minecraft:grass_block":3,"minecraft:vine":1,"minecraft:dirt":7,"minecraft:stone":28,"minecraft:oak_leaves":1},"minecraft:killed":{"minecraft:cow":1},"minecraft:crafted":{"minecraft:crafting_table":2,"minecraft:stick":4,"minecraft:wooden_pickaxe":1,"minecraft:stone_sword":1,"minecraft:stone_axe":1,"minecraft:jungle_planks":40}},"DataVersion":3120}