{"stats":{"minecraft:killed_by":{"minecraft:spider":1},"minecraft:custom":{"minecraft:jump":74,"minecraft:time_since_rest":72,"minecraft:leave_game":1,"minecraft:deaths":1,"minecraft:walk_on_water_one_cm":15952,"minecraft:sprint_one_cm":13423,"minecraft:play_time":11081,"minecraft:damage_taken":260,"minecraft:time_since_death":0,"minecraft:walk_one_cm":6940,"minecraft:climb_one_cm":265,"minecraft:total_world_time":11081,"minecraft:walk_under_water_one_cm":1784,"minecraft:swim_one_cm":1983,"minecraft:fall_one_cm":2979,"minecraft:fly_one_cm":14823},"minecraft:picked_up":{"minecraft:wheat_seeds":2,"minecraft:dirt":16}},"DataVersion":3120}