{"stats":{"minecraft:used":{"minecraft:stone_sword":8,"minecraft:wooden_pickaxe":43,"minecraft:stone_axe":20,"minecraft:cobblestone":2,"minecraft:crafting_table":2,"minecraft:jungle_planks":3},"minecraft:custom":{"minecraft:time_since_rest":12629,"minecraft:interact_with_furnace":1,"minecraft:sprint_one_cm":104965,"minecraft:damage_taken":1115,"minecraft:walk_one_cm":147130,"minecraft:mob_kills":5,"minecraft:damage_dealt":478,"minecraft:interact_with_crafting_table":4,"minecraft:fly_one_cm":60824,"minecraft:open_barrel":3,"minecraft:open_chest":3,"minecraft:crouch_one_cm":9059,"minecraft:play_time":59349,"minecraft:deaths":4,"minecraft:sneak_time":4148,"minecraft:walk_under_water_one_cm":71,"minecraft:jump":538,"minecraft:leave_game":6,"minecraft:walk_on_water_one_cm":226,"minecraft:time_since_death":10937,"minecraft:climb_one_cm":3735,"minecraft:total_world_time":61118,"minecraft:fall_one_cm":10195},"minecraft:killed_by":{"zombie_extreme:assasin_black_ops":1,"zombie_extreme:runner":1,"minecraft:pillager":1},"minecraft:picked_up":{"minecraft:cocoa_beans":11,"minecraft:stick":7,"minecraft:jungle_log":27,"minecraft:andesite":5,"minecraft:leather":2,"minecraft:dirt":10,"minecraft:wheat_seeds":2,"minecraft:beef":4,"minecraft:jungle_sapling":6,"minecraft:mutton":6,"minecraft:white_wool":3,"minecraft:cobblestone":28,"minecraft:egg":1},"minecraft:mined":{"minecraft:andesite":5,"treechop:chopped_log":3,"gravestone:gravestone":1,"minecraft:grass":8,"minecraft:grass_block":3,"minecraft:vine":4,"minecraft:jungle_log":3,"minecraft:dirt":7,"minecraft:stone":28,"minecraft:oak_leaves":1},"minecraft:crafted":{"minecraft:crafting_table":2,"minecraft:stick":4,"minecraft:wooden_pickaxe":1,"minecraft:stone_sword":1,"minecraft:stone_axe":1,"minecraft:jungle_planks":40},"minecraft:killed":{"minecraft:sheep":3,"minecraft:cow":2}},"DataVersion":3120}