{"stats":{"minecraft:killed_by":{"minecraft:pillager":1},"minecraft:mined":{"minecraft:grass":6,"minecraft:vine":1,"minecraft:dirt":1,"treechop:chopped_log":1,"minecraft:oak_leaves":1},"minecraft:picked_up":{"minecraft:cocoa_beans":1,"minecraft:stick":4,"minecraft:jungle_log":10,"minecraft:leather":1,"minecraft:wheat_seeds":2,"minecraft:beef":1,"minecraft:jungle_sapling":3,"minecraft:dirt":1},"minecraft:used":{"minecraft:jungle_planks":3},"minecraft:killed":{"minecraft:cow":1},"minecraft:crafted":{"minecraft:jungle_planks":40},"minecraft:custom":{"minecraft:time_since_rest":10009,"minecraft:open_chest":2,"minecraft:crouch_one_cm":4210,"minecraft:sprint_one_cm":62654,"minecraft:play_time":31839,"minecraft:deaths":2,"minecraft:damage_taken":765,"minecraft:walk_one_cm":94331,"minecraft:sneak_time":2018,"minecraft:walk_under_water_one_cm":71,"minecraft:mob_kills":1,"minecraft:jump":291,"minecraft:damage_dealt":138,"minecraft:leave_game":4,"minecraft:time_since_death":9947,"minecraft:walk_on_water_one_cm":226,"minecraft:climb_one_cm":408,"minecraft:total_world_time":33608,"minecraft:fall_one_cm":7017,"minecraft:fly_one_cm":34046}},"DataVersion":3120}