{"stats":{"minecraft:used":{"minecraft:leather_leggings":1,"minecraft:apple":1,"minecraft:stone_sword":38,"minecraft:leather_helmet":1,"minecraft:leather_chestplate":1,"minecraft:wooden_pickaxe":43,"minecraft:leather_boots":1,"minecraft:stone_axe":20,"minecraft:cobblestone":2,"minecraft:crafting_table":2,"minecraft:jungle_planks":3},"minecraft:custom":{"minecraft:time_since_rest":2456,"minecraft:interact_with_furnace":2,"minecraft:sprint_one_cm":110067,"minecraft:damage_taken":1727,"minecraft:walk_one_cm":177717,"minecraft:mob_kills":9,"minecraft:damage_dealt":1551,"minecraft:interact_with_crafting_table":4,"minecraft:fly_one_cm":63806,"minecraft:open_barrel":5,"minecraft:open_chest":3,"minecraft:crouch_one_cm":9681,"minecraft:play_time":70034,"minecraft:deaths":6,"minecraft:sneak_time":4575,"minecraft:walk_under_water_one_cm":71,"minecraft:jump":580,"minecraft:sleep_in_bed":1,"minecraft:leave_game":6,"minecraft:time_since_death":2428,"minecraft:walk_on_water_one_cm":226,"minecraft:climb_one_cm":4624,"minecraft:total_world_time":71803,"minecraft:fall_one_cm":10613},"minecraft:killed_by":{"zombie_extreme:assasin_black_ops":1,"zombie_extreme:ram":2,"zombie_extreme:runner":1,"minecraft:pillager":1},"minecraft:picked_up":{"minecraft:cocoa_beans":11,"minecraft:stick":7,"minecraft:jungle_log":27,"minecraft:andesite":5,"minecraft:leather":2,"minecraft:porkchop":4,"alexsmobs:gazelle_horn":1,"minecraft:dirt":10,"minecraft:wheat_seeds":2,"minecraft:beef":4,"minecraft:jungle_sapling":6,"minecraft:mutton":6,"minecraft:white_wool":3,"minecraft:cobblestone":28,"minecraft:egg":1},"minecraft:mined":{"minecraft:andesite":5,"treechop:chopped_log":3,"gravestone:gravestone":3,"minecraft:grass":9,"minecraft:grass_block":3,"minecraft:vine":4,"minecraft:jungle_log":3,"minecraft:dirt":7,"minecraft:stone":28,"minecraft:oak_leaves":1},"minecraft:crafted":{"minecraft:charcoal":17,"minecraft:crafting_table":2,"minecraft:stick":4,"minecraft:wooden_pickaxe":1,"minecraft:stone_sword":1,"minecraft:stone_axe":1,"minecraft:air":0,"minecraft:jungle_planks":40},"minecraft:killed":{"minecraft:sheep":3,"minecraft:pig":2,"alexsmobs:gazelle":1,"zombie_extreme:ram":1,"minecraft:cow":2}},"DataVersion":3120}