{"stats":{"minecraft:killed_by":{"minecraft:pillager":1},"minecraft:mined":{"minecraft:grass":1,"minecraft:dirt":1,"minecraft:oak_leaves":1},"minecraft:picked_up":{"minecraft:wheat_seeds":1,"minecraft:dirt":1},"minecraft:custom":{"minecraft:time_since_rest":19971,"minecraft:open_chest":2,"minecraft:crouch_one_cm":2522,"minecraft:sprint_one_cm":30593,"minecraft:play_time":21491,"minecraft:deaths":1,"minecraft:damage_taken":500,"minecraft:walk_one_cm":71702,"minecraft:sneak_time":695,"minecraft:walk_under_water_one_cm":71,"minecraft:jump":149,"minecraft:damage_dealt":50,"minecraft:leave_game":3,"minecraft:time_since_death":19258,"minecraft:walk_on_water_one_cm":226,"minecraft:climb_one_cm":48,"minecraft:total_world_time":23260,"minecraft:fall_one_cm":2122,"minecraft:fly_one_cm":14302}},"DataVersion":3120}