{"stats":{"minecraft:mined":{"minecraft:grass_block":3,"minecraft:gravel":3,"minecraft:dirt":8,"minecraft:powder_snow":50,"treechop:chopped_log":1},"minecraft:used":{"minecraft:apple":1,"minecraft:dirt":10,"fallout_inspired_power_armor:warped_t_60helmet":1},"minecraft:custom":{"minecraft:time_since_rest":18041,"minecraft:walk_under_water_one_cm":1587,"minecraft:crouch_one_cm":167,"minecraft:sprint_one_cm":55304,"minecraft:play_time":18041,"minecraft:damage_taken":20,"minecraft:walk_one_cm":69184,"minecraft:sneak_time":30,"minecraft:jump":225,"minecraft:leave_game":1,"minecraft:walk_on_water_one_cm":2695,"minecraft:time_since_death":18041,"minecraft:total_world_time":18041,"minecraft:swim_one_cm":870,"minecraft:fall_one_cm":4472,"minecraft:fly_one_cm":44129},"minecraft:picked_up":{"minecraft:stick":2,"fallout_inspired_power_armor:armor_spawner":1,"fallout_inspired_power_armor:warped_t_60helmet":2,"fallout_inspired_power_armor:warped_t_60leg":1,"minecraft:apple":1,"minecraft:gravel":2,"minecraft:flint":1,"minecraft:oak_log":4,"minecraft:dirt":11}},"DataVersion":3120}