{"stats":{"minecraft:crafted":{"biomesoplenty:fir_planks":188},"minecraft:mined":{"minecraft:grass":2,"minecraft:grass_block":4,"minecraft:gravel":3,"minecraft:dirt":8,"minecraft:ice":1,"minecraft:powder_snow":50,"treechop:chopped_log":2},"minecraft:used":{"minecraft:apple":1,"minecraft:dirt":10,"minecraft:bread":3,"fallout_inspired_power_armor:warped_t_60helmet":1},"minecraft:custom":{"minecraft:open_chest":2,"minecraft:time_since_rest":11326,"minecraft:deaths":1,"minecraft:walk_under_water_one_cm":4309,"minecraft:crouch_one_cm":325,"minecraft:sprint_one_cm":101101,"minecraft:play_time":42041,"minecraft:damage_taken":410,"minecraft:walk_one_cm":206717,"minecraft:sneak_time":67,"minecraft:jump":502,"minecraft:leave_game":1,"minecraft:walk_on_water_one_cm":2695,"minecraft:time_since_death":9241,"minecraft:total_world_time":42041,"minecraft:swim_one_cm":870,"minecraft:fall_one_cm":9273,"minecraft:fly_one_cm":84438},"minecraft:picked_up":{"minecraft:stick":10,"fallout_inspired_power_armor:armor_spawner":1,"fallout_inspired_power_armor:warped_t_60helmet":2,"fallout_inspired_power_armor:warped_t_60leg":1,"minecraft:apple":1,"biomesoplenty:fir_sapling":15,"minecraft:gravel":2,"biomesoplenty:fir_log":47,"minecraft:flint":1,"minecraft:oak_log":4,"minecraft:dirt":12}},"DataVersion":3120}