{"stats":{"minecraft:used":{"minecraft:leather_leggings":1,"minecraft:stone_sword":63,"minecraft:apple":1,"zombie_extreme:dog_food":1,"minecraft:wooden_pickaxe":47,"minecraft:leather_helmet":1,"minecraft:leather_chestplate":1,"minecraft:leather_boots":1,"minecraft:stone_axe":20,"minecraft:cobblestone":2,"minecraft:crafting_table":2,"minecraft:jungle_planks":3},"minecraft:custom":{"minecraft:time_since_rest":3989,"minecraft:interact_with_furnace":4,"minecraft:sprint_one_cm":125192,"minecraft:damage_taken":2000,"minecraft:walk_one_cm":230613,"minecraft:mob_kills":12,"minecraft:damage_dealt":2225,"minecraft:interact_with_crafting_table":4,"minecraft:fly_one_cm":71727,"minecraft:open_barrel":5,"minecraft:open_chest":3,"minecraft:crouch_one_cm":12386,"minecraft:play_time":80179,"minecraft:walk_under_water_one_cm":71,"minecraft:sneak_time":5375,"minecraft:deaths":7,"minecraft:jump":641,"minecraft:leave_game":7,"minecraft:time_since_death":4157,"minecraft:walk_on_water_one_cm":226,"minecraft:sleep_in_bed":2,"minecraft:total_world_time":81948,"minecraft:climb_one_cm":9351,"minecraft:fall_one_cm":11718},"minecraft:killed_by":{"zombie_extreme:assasin_black_ops":1,"zombie_extreme:ram":2,"minecraft:zombie":1,"zombie_extreme:runner":1,"minecraft:pillager":1},"minecraft:picked_up":{"minecraft:cocoa_beans":11,"minecraft:stick":7,"minecraft:andesite":5,"minecraft:jungle_log":27,"minecraft:leather":2,"minecraft:porkchop":4,"minecraft:brick":1,"alexsmobs:gazelle_horn":1,"minecraft:dirt":10,"minecraft:bone":2,"minecraft:rotten_flesh":1,"minecraft:stone_bricks":2,"minecraft:wheat_seeds":2,"minecraft:beef":4,"minecraft:jungle_sapling":6,"minecraft:mutton":6,"minecraft:white_wool":3,"minecraft:cobblestone":28,"minecraft:egg":1},"minecraft:mined":{"minecraft:andesite":5,"treechop:chopped_log":3,"gravestone:gravestone":3,"minecraft:grass":9,"minecraft:grass_block":3,"minecraft:vine":4,"minecraft:white_stained_glass_pane":8,"minecraft:jungle_log":3,"minecraft:dirt":7,"minecraft:stone_bricks":2,"minecraft:stone":28,"minecraft:oak_leaves":2},"minecraft:crafted":{"minecraft:charcoal":17,"minecraft:crafting_table":2,"minecraft:stick":4,"minecraft:wooden_pickaxe":1,"minecraft:stone_sword":1,"minecraft:stone_axe":1,"minecraft:cooked_mutton":6,"minecraft:air":0,"minecraft:jungle_planks":40},"minecraft:killed":{"minecraft:sheep":3,"minecraft:zombie":2,"minecraft:pig":2,"alexsmobs:gazelle":1,"zombie_extreme:infected":1,"zombie_extreme:ram":1,"minecraft:cow":2}},"DataVersion":3120}