{"stats":{"minecraft:custom":{"minecraft:time_since_rest":0,"minecraft:sprint_one_cm":69648,"minecraft:damage_taken":2566,"minecraft:walk_one_cm":84235,"minecraft:interact_with_crafting_table":2,"minecraft:fly_one_cm":68556,"minecraft:open_barrel":14,"minecraft:open_chest":17,"minecraft:crouch_one_cm":481,"minecraft:play_time":98348,"minecraft:deaths":10,"minecraft:sneak_time":468,"minecraft:jump":406,"minecraft:leave_game":9,"minecraft:walk_on_water_one_cm":811,"minecraft:time_since_death":0,"minecraft:sleep_in_bed":2,"minecraft:climb_one_cm":7188,"minecraft:total_world_time":98348,"minecraft:fall_one_cm":10984,"minecraft:horse_one_cm":290},"minecraft:mined":{"minecraft:spruce_planks":1,"minecraft:wheat":14,"treechop:chopped_log":1,"gravestone:gravestone":2,"minecraft:grass":6,"minecraft:grass_block":3,"minecraft:potatoes":3,"minecraft:dirt":4,"minecraft:gray_carpet":1,"minecraft:tall_grass":8,"minecraft:lily_pad":1},"minecraft:used":{"minecraft:wheat_seeds":8,"minecraft:gravel":2,"minecraft:wooden_shovel":4,"minecraft:rotten_flesh":2,"minecraft:item_frame":1,"minecraft:dirt":1,"minecraft:sweet_berries":1,"minecraft:potato":19},"minecraft:killed_by":{"zombie_extreme:infected_juggernaut":1,"minecraft:player":1,"zombie_extreme:infected":2,"zombie_extreme:night_hunter":5,"minecraft:zombie":1},"minecraft:crafted":{"minecraft:wooden_shovel":1,"minecraft:stick":8,"minecraft:wooden_pickaxe":1,"minecraft:acacia_planks":36},"minecraft:picked_up":{"minecraft:wheat":14,"minecraft:sweet_berries":1,"minecraft:acacia_log":9,"minecraft:potato":10,"minecraft:lily_pad":1,"minecraft:carrot":1,"minecraft:dirt":5,"minecraft:item_frame":1,"minecraft:gray_carpet":1,"minecraft:wheat_seeds":41,"minecraft:spruce_planks":1,"minecraft:acacia_sapling":2}},"DataVersion":3120}