{"stats":{"minecraft:killed_by":{"zombie_extreme:infected_juggernaut":1,"minecraft:player":1,"zombie_extreme:infected":2,"zombie_extreme:night_hunter":5},"minecraft:used":{"minecraft:wheat_seeds":8,"minecraft:rotten_flesh":2,"minecraft:item_frame":1,"minecraft:dirt":1,"minecraft:sweet_berries":1,"minecraft:potato":19},"minecraft:custom":{"minecraft:time_since_rest":24236,"minecraft:sprint_one_cm":57041,"minecraft:damage_taken":2391,"minecraft:walk_one_cm":74068,"minecraft:interact_with_crafting_table":1,"minecraft:fly_one_cm":62913,"minecraft:open_barrel":14,"minecraft:open_chest":15,"minecraft:crouch_one_cm":411,"minecraft:play_time":88130,"minecraft:deaths":9,"minecraft:sneak_time":133,"minecraft:jump":365,"minecraft:leave_game":7,"minecraft:time_since_death":51695,"minecraft:sleep_in_bed":1,"minecraft:climb_one_cm":4993,"minecraft:total_world_time":88130,"minecraft:fall_one_cm":8731},"minecraft:picked_up":{"minecraft:wheat":14,"minecraft:sweet_berries":1,"minecraft:acacia_log":9,"minecraft:potato":10,"minecraft:lily_pad":1,"minecraft:carrot":1,"minecraft:dirt":2,"minecraft:item_frame":1,"minecraft:gray_carpet":1,"minecraft:wheat_seeds":41,"minecraft:spruce_planks":1,"minecraft:acacia_sapling":2},"minecraft:mined":{"minecraft:spruce_planks":1,"minecraft:wheat":14,"treechop:chopped_log":1,"gravestone:gravestone":2,"minecraft:grass":6,"minecraft:potatoes":3,"minecraft:dirt":3,"minecraft:gray_carpet":1,"minecraft:tall_grass":8,"minecraft:lily_pad":1}},"DataVersion":3120}