{"stats":{"minecraft:killed_by":{"zombie_extreme:infected_juggernaut":1,"minecraft:player":1,"zombie_extreme:infected":2,"zombie_extreme:night_hunter":5,"minecraft:zombie":2},"minecraft:used":{"minecraft:wheat_seeds":8,"minecraft:wooden_shovel":4,"minecraft:gravel":2,"minecraft:rotten_flesh":2,"minecraft:item_frame":1,"minecraft:dirt":1,"minecraft:sweet_berries":1,"minecraft:potato":19},"minecraft:crafted":{"minecraft:wooden_shovel":1,"minecraft:stick":8,"minecraft:wooden_pickaxe":1,"minecraft:acacia_planks":36},"minecraft:custom":{"minecraft:time_since_rest":4308,"minecraft:sprint_one_cm":70596,"minecraft:damage_taken":2818,"minecraft:walk_one_cm":120458,"minecraft:damage_dealt":10,"minecraft:interact_with_crafting_table":2,"minecraft:fly_one_cm":70886,"minecraft:open_barrel":14,"minecraft:open_chest":41,"minecraft:play_time":128235,"minecraft:crouch_one_cm":1280,"minecraft:deaths":11,"minecraft:sneak_time":1054,"minecraft:jump":426,"minecraft:leave_game":18,"minecraft:time_since_death":3984,"minecraft:walk_on_water_one_cm":811,"minecraft:sleep_in_bed":2,"minecraft:climb_one_cm":7285,"minecraft:total_world_time":128235,"minecraft:fall_one_cm":10984,"minecraft:horse_one_cm":290},"minecraft:picked_up":{"minecraft:wheat":14,"minecraft:sweet_berries":1,"minecraft:acacia_log":9,"minecraft:potato":10,"minecraft:lily_pad":1,"minecraft:carrot":1,"minecraft:dirt":5,"minecraft:item_frame":1,"minecraft:stone_sword":1,"minecraft:gray_carpet":1,"minecraft:wheat_seeds":41,"minecraft:spruce_planks":1,"minecraft:acacia_sapling":2},"minecraft:mined":{"minecraft:spruce_planks":1,"minecraft:wheat":14,"treechop:chopped_log":1,"gravestone:gravestone":2,"minecraft:grass":6,"minecraft:grass_block":3,"minecraft:potatoes":3,"minecraft:dirt":4,"minecraft:gray_carpet":1,"minecraft:tall_grass":8,"minecraft:lily_pad":1}},"DataVersion":3120}