{"stats":{"minecraft:custom":{"minecraft:jump":152,"minecraft:open_chest":8,"minecraft:time_since_rest":6114,"minecraft:damage_taken":1580,"minecraft:leave_game":1,"minecraft:play_time":13723,"minecraft:sprint_one_cm":18269,"minecraft:time_since_death":6073,"minecraft:walk_one_cm":20516,"minecraft:deaths":6,"minecraft:total_world_time":13723,"minecraft:fall_one_cm":2800,"minecraft:fly_one_cm":22880},"minecraft:picked_up":{"minecraft:carrot":1},"minecraft:killed_by":{"zombie_extreme:infected":2,"zombie_extreme:night_hunter":4},"minecraft:mined":{"minecraft:tall_grass":1},"minecraft:used":{"minecraft:rotten_flesh":2}},"DataVersion":3120}