{"stats":{"minecraft:custom":{"minecraft:open_barrel":10,"minecraft:open_chest":14,"minecraft:time_since_rest":31928,"minecraft:crouch_one_cm":411,"minecraft:play_time":58157,"minecraft:sprint_one_cm":44519,"minecraft:damage_taken":2391,"minecraft:walk_one_cm":60072,"minecraft:deaths":9,"minecraft:sneak_time":133,"minecraft:jump":339,"minecraft:leave_game":6,"minecraft:time_since_death":21722,"minecraft:total_world_time":58157,"minecraft:climb_one_cm":3424,"minecraft:fall_one_cm":8731,"minecraft:fly_one_cm":59433},"minecraft:picked_up":{"minecraft:item_frame":1,"minecraft:sweet_berries":1,"minecraft:wheat_seeds":1,"minecraft:spruce_planks":1,"minecraft:carrot":1,"minecraft:dirt":2},"minecraft:killed_by":{"zombie_extreme:infected_juggernaut":1,"minecraft:player":1,"zombie_extreme:infected":2,"zombie_extreme:night_hunter":5},"minecraft:mined":{"minecraft:grass":2,"minecraft:spruce_planks":1,"minecraft:dirt":3,"minecraft:tall_grass":1,"gravestone:gravestone":2},"minecraft:used":{"minecraft:item_frame":1,"minecraft:dirt":1,"minecraft:sweet_berries":1,"minecraft:rotten_flesh":2}},"DataVersion":3120}