{"stats":{"minecraft:custom":{"minecraft:time_since_rest":20620,"minecraft:open_chest":11,"minecraft:crouch_one_cm":154,"minecraft:sprint_one_cm":28288,"minecraft:play_time":46849,"minecraft:deaths":9,"minecraft:damage_taken":2361,"minecraft:walk_one_cm":38138,"minecraft:sneak_time":40,"minecraft:jump":279,"minecraft:leave_game":5,"minecraft:time_since_death":10414,"minecraft:climb_one_cm":1456,"minecraft:total_world_time":46849,"minecraft:fall_one_cm":6051,"minecraft:fly_one_cm":46962,"minecraft:open_barrel":7},"minecraft:picked_up":{"minecraft:carrot":1},"minecraft:killed_by":{"zombie_extreme:infected_juggernaut":1,"minecraft:player":1,"zombie_extreme:infected":2,"zombie_extreme:night_hunter":5},"minecraft:mined":{"gravestone:gravestone":2,"minecraft:tall_grass":1},"minecraft:used":{"minecraft:rotten_flesh":2}},"DataVersion":3120}