{"stats":{"minecraft:custom":{"minecraft:open_barrel":13,"minecraft:open_chest":14,"minecraft:time_since_rest":6263,"minecraft:crouch_one_cm":411,"minecraft:play_time":70157,"minecraft:sprint_one_cm":48376,"minecraft:damage_taken":2391,"minecraft:walk_one_cm":68013,"minecraft:deaths":9,"minecraft:sneak_time":133,"minecraft:jump":348,"minecraft:leave_game":6,"minecraft:time_since_death":33722,"minecraft:sleep_in_bed":1,"minecraft:total_world_time":70157,"minecraft:climb_one_cm":4269,"minecraft:fall_one_cm":8731,"minecraft:fly_one_cm":60131},"minecraft:picked_up":{"minecraft:wheat":14,"minecraft:item_frame":1,"minecraft:sweet_berries":1,"minecraft:wheat_seeds":41,"minecraft:potato":10,"minecraft:spruce_planks":1,"minecraft:lily_pad":1,"minecraft:carrot":1,"minecraft:dirt":2},"minecraft:killed_by":{"zombie_extreme:infected_juggernaut":1,"minecraft:player":1,"zombie_extreme:infected":2,"zombie_extreme:night_hunter":5},"minecraft:mined":{"minecraft:grass":5,"minecraft:potatoes":3,"minecraft:spruce_planks":1,"minecraft:dirt":3,"minecraft:wheat":14,"minecraft:tall_grass":8,"minecraft:lily_pad":1,"gravestone:gravestone":2},"minecraft:used":{"minecraft:item_frame":1,"minecraft:dirt":1,"minecraft:sweet_berries":1,"minecraft:potato":19,"minecraft:wheat_seeds":8,"minecraft:rotten_flesh":2}},"DataVersion":3120}