{"stats":{"minecraft:custom":{"minecraft:jump":234,"minecraft:open_chest":8,"minecraft:time_since_rest":0,"minecraft:damage_taken":2361,"minecraft:leave_game":5,"minecraft:play_time":26229,"minecraft:sprint_one_cm":25083,"minecraft:time_since_death":0,"minecraft:walk_one_cm":27386,"minecraft:deaths":9,"minecraft:total_world_time":26229,"minecraft:fall_one_cm":5424,"minecraft:fly_one_cm":39021},"minecraft:picked_up":{"minecraft:carrot":1},"minecraft:killed_by":{"zombie_extreme:infected_juggernaut":1,"minecraft:player":1,"zombie_extreme:infected":2,"zombie_extreme:night_hunter":5},"minecraft:mined":{"minecraft:tall_grass":1},"minecraft:used":{"minecraft:rotten_flesh":2}},"DataVersion":3120}