{"stats":{"minecraft:dropped":{"minecraft:stone_sword":2},"minecraft:used":{"minecraft:stone_sword":14,"zombie_extreme:dog_food":1,"minecraft:stone_pickaxe":17,"minecraft:wooden_pickaxe":20,"minecraft:stone_axe":3,"minecraft:dirt":1,"minecraft:sweet_berries":7,"minecraft:crafting_table":4,"minecraft:potato":5},"minecraft:crafted":{"minecraft:crafting_table":1,"minecraft:stick":8,"minecraft:wooden_pickaxe":1,"minecraft:stone_pickaxe":1,"minecraft:stone_sword":2,"minecraft:acacia_planks":32,"minecraft:stone_axe":1},"minecraft:custom":{"minecraft:time_since_rest":14438,"minecraft:interact_with_furnace":6,"minecraft:sprint_one_cm":28564,"minecraft:damage_taken":310,"minecraft:walk_one_cm":75553,"minecraft:drop":2,"minecraft:damage_dealt":561,"minecraft:interact_with_crafting_table":3,"minecraft:fly_one_cm":28883,"minecraft:open_barrel":6,"minecraft:open_chest":18,"minecraft:crouch_one_cm":3105,"minecraft:play_time":23203,"minecraft:sneak_time":932,"minecraft:jump":179,"minecraft:leave_game":1,"minecraft:time_since_death":23203,"minecraft:sleep_in_bed":1,"minecraft:total_world_time":23203,"minecraft:climb_one_cm":17456,"minecraft:fall_one_cm":5069},"minecraft:picked_up":{"minecraft:stick":4,"minecraft:crafting_table":4,"minecraft:acacia_log":8,"minecraft:dirt":1,"minecraft:stone_sword":1,"minecraft:acacia_sapling":6,"minecraft:cobblestone":36},"minecraft:mined":{"minecraft:sculk_vein":1,"treechop:chopped_log":1,"minecraft:crafting_table":4,"minecraft:grass":1,"minecraft:acacia_log":1,"minecraft:grass_block":1,"minecraft:stone":36}},"DataVersion":3120}