{"stats":{"minecraft:used":{"minecraft:stone_axe":1,"zombie_extreme:dog_food":1,"minecraft:crafting_table":2,"minecraft:wooden_pickaxe":20},"minecraft:custom":{"minecraft:time_since_rest":63,"minecraft:open_chest":6,"minecraft:interact_with_furnace":5,"minecraft:play_time":8828,"minecraft:sprint_one_cm":14398,"minecraft:damage_taken":50,"minecraft:walk_one_cm":29352,"minecraft:sneak_time":76,"minecraft:jump":120,"minecraft:time_since_death":8828,"minecraft:sleep_in_bed":1,"minecraft:climb_one_cm":4045,"minecraft:total_world_time":8828,"minecraft:open_barrel":6,"minecraft:fall_one_cm":2837,"minecraft:interact_with_crafting_table":2,"minecraft:fly_one_cm":19051,"minecraft:crouch_one_cm":294},"minecraft:crafted":{"minecraft:stone_sword":1,"minecraft:acacia_planks":32,"minecraft:stone_axe":1,"minecraft:crafting_table":1,"minecraft:stick":8,"minecraft:wooden_pickaxe":1,"minecraft:stone_pickaxe":1},"minecraft:picked_up":{"minecraft:stick":4,"minecraft:crafting_table":2,"minecraft:acacia_log":8,"minecraft:acacia_sapling":6,"minecraft:cobblestone":20},"minecraft:mined":{"minecraft:grass":1,"minecraft:acacia_log":1,"minecraft:sculk_vein":1,"minecraft:stone":20,"treechop:chopped_log":1,"minecraft:crafting_table":2}},"DataVersion":3120}