{"stats":{"minecraft:custom":{"minecraft:mob_kills":39,"minecraft:inspect_hopper":6,"minecraft:interact_with_crafting_table":13,"minecraft:open_barrel":14,"minecraft:interact_with_campfire":10,"minecraft:leave_game":3,"minecraft:time_since_death":99325,"minecraft:climb_one_cm":49810,"minecraft:damage_resisted":30,"minecraft:sprint_one_cm":140950,"minecraft:walk_one_cm":270792,"minecraft:drop":7,"minecraft:play_time":134049,"minecraft:deaths":3,"minecraft:sneak_time":5237,"minecraft:walk_under_water_one_cm":801,"minecraft:jump":1050,"minecraft:walk_on_water_one_cm":1944,"minecraft:total_world_time":134049,"minecraft:interact_with_furnace":4,"minecraft:sleep_in_bed":3,"minecraft:time_since_rest":9844,"minecraft:damage_taken":2047,"minecraft:damage_absorbed":40,"minecraft:trigger_trapped_chest":2,"minecraft:damage_dealt":5983,"minecraft:swim_one_cm":944,"minecraft:fly_one_cm":142428,"minecraft:open_chest":21,"minecraft:crouch_one_cm":11581,"minecraft:fall_one_cm":29476},"minecraft:picked_up":{"minecraft:crafting_table":2,"minecraft:ladder":1,"minecraft:gold_block":1,"minecraft:brick":3,"minecraft:amethyst_block":1,"minecraft:string":16,"minecraft:raw_copper":79,"minecraft:beetroot_soup":1,"minecraft:item_frame":3,"minecraft:cobbled_deepslate":23,"minecraft:chest":3,"minecraft:furnace":1,"minecraft:dark_oak_door":1,"zombie_extreme:raw_aluminum":5,"minecraft:stick":10,"minecraft:torch":12,"minecraft:porkchop":3,"minecraft:carrot":44,"minecraft:dark_oak_planks":1,"minecraft:honey_bottle":1,"minecraft:cactus":2,"minecraft:rotten_flesh":42,"prefab:item_swift_blade_stone":1,"minecraft:cracked_deepslate_bricks":1,"minecraft:saddle":3,"minecraft:mutton":7,"minecraft:iron_bars":2,"minecraft:white_wool":2,"minecraft:cobblestone":124,"minecraft:enchanting_table":1,"minecraft:leather_chestplate":1,"minecraft:iron_door":1,"minecraft:potato":3,"minecraft:oak_log":11,"minecraft:gunpowder":20,"minecraft:dirt":17,"zombie_extreme:raw_steel":6,"minecraft:cooked_mutton":7,"minecraft:leather_boots":1,"minecraft:bone":12,"minecraft:wheat_seeds":4,"horror_element_mod:sound_block":1,"minecraft:iron_ingot":1,"zombie_extreme:cloth":1,"horror_element_mod:spider_head":1,"minecraft:book":12,"minecraft:cooked_porkchop":3,"minecraft:dripstone_block":2,"minecraft:gravel":1,"minecraft:sand":16,"minecraft:red_banner":1,"minecraft:spruce_log":28,"minecraft:barrel":1,"minecraft:spider_eye":3,"minecraft:mossy_cobblestone":1,"minecraft:pumpkin_seeds":2,"minecraft:slime_ball":1,"minecraft:golden_apple":1,"minecraft:gray_wool":1,"alexsmobs:maggot":4,"minecraft:oak_sapling":5,"minecraft:black_wool":1,"minecraft:coal":61},"minecraft:broken":{"minecraft:stone_pickaxe":1},"minecraft:killed_by":{"zombie_extreme:night_hunter":1,"zombie_extreme:infected":1,"minecraft:zombie":1},"minecraft:crafted":{"minecraft:oak_planks":20,"minecraft:cobblestone_slab":6,"minecraft:leather_boots":1,"minecraft:spruce_button":1,"minecraft:bone_meal":3,"sophisticatedbackpacks:copper_backpack":1,"minecraft:stone_pickaxe":2,"minecraft:crafting_table":3,"minecraft:spruce_planks":28,"minecraft:wooden_pickaxe":1,"minecraft:bucket":1,"minecraft:stone_axe":1,"minecraft:shield":2,"minecraft:white_dye":3,"minecraft:stick":4,"minecraft:iron_pickaxe":1,"minecraft:torch":20},"minecraft:dropped":{"prefab:item_swift_blade_stone":1,"gravestone:obituary":3,"minecraft:bowl":1,"minecraft:brick":2},"minecraft:mined":{"minecraft:dark_oak_planks":1,"minecraft:mossy_cobblestone":1,"gravestone:gravestone":3,"minecraft:ladder":1,"minecraft:dark_oak_pressure_plate":1,"minecraft:grass_block":9,"minecraft:spawner":2,"horror_element_mod:rotten_body":1,"minecraft:furnace":1,"minecraft:carrots":12,"minecraft:barrel":1,"minecraft:cobbled_deepslate":1,"zombie_extreme:ore_steel":6,"treechop:chopped_log":5,"minecraft:gold_block":1,"minecraft:enchanting_table":1,"minecraft:sculk_shrieker":1,"minecraft:bookshelf":4,"minecraft:potatoes":3,"minecraft:vine":2,"minecraft:iron_bars":2,"horror_element_mod:crucified_body":1,"minecraft:stone":119,"horror_element_mod:spider_head":1,"zombie_extreme:ore_aluminum":5,"horror_element_mod:sound_block":1,"horror_element_mod:impaled_skeleton":1,"minecraft:glass_pane":15,"minecraft:crafting_table":2,"minecraft:torch":3,"minecraft:gray_stained_glass":2,"minecraft:chest":3,"minecraft:white_stained_glass_pane":2,"minecraft:tall_grass":7,"minecraft:copper_ore":19,"minecraft:cobblestone":10,"minecraft:cracked_deepslate_bricks":1,"minecraft:iron_door":1,"minecraft:wall_torch":9,"minecraft:amethyst_block":1,"minecraft:cactus":1,"horror_element_mod:spiked_villager":1,"minecraft:spruce_log":3,"minecraft:red_wall_banner":1,"minecraft:grass":22,"minecraft:coal_ore":57,"minecraft:dripstone_block":2,"minecraft:gravel":1,"minecraft:sand":6,"minecraft:dirt":8,"minecraft:cobweb":7,"minecraft:deepslate":23},"minecraft:killed":{"alexsmobs:raccoon":2,"alexsmobs:leafcutter_ant":1,"zombie_extreme:crawler":1,"minecraft:pig":1,"zombie_extreme:infected":2,"zombie_extreme:infected_hazmat":1,"minecraft:sheep":4,"minecraft:pillager":1,"minecraft:zombie":22,"alexsmobs:fly":2},"minecraft:used":{"zombie_extreme:cleaver":173,"minecraft:enchanting_table":1,"minecraft:ladder":1,"minecraft:chest":2,"zombie_extreme:canned_food":1,"minecraft:rotten_flesh":8,"minecraft:torch":26,"minecraft:dirt":7,"minecraft:carrot":41,"minecraft:honey_bottle":2,"alexsmobs:maggot":4,"minecraft:spruce_button":1,"minecraft:barrel":1,"minecraft:item_frame":3,"prefab:item_swift_blade_stone":21,"minecraft:furnace":1,"minecraft:skeleton_skull":5,"minecraft:potato":7,"minecraft:beetroot_soup":1,"minecraft:cooked_mutton":1,"minecraft:water_bucket":4,"minecraft:stone_pickaxe":223,"horror_element_mod:slashed_skull":1,"minecraft:oak_planks":6,"minecraft:wooden_pickaxe":8,"minecraft:golden_apple":1,"horror_element_mod:spider_head":1,"minecraft:sand":8,"minecraft:crafting_table":4,"horror_element_mod:sound_block":1,"minecraft:apple":2,"minecraft:bread":1,"minecraft:iron_pickaxe":40,"zombie_extreme:syringe_drug":1,"minecraft:gravel":1,"zombie_extreme:baseball_bat":5,"minecraft:stone_axe":34,"minecraft:cobblestone":30,"minecraft:cooked_porkchop":3,"minecraft:bucket":5}},"DataVersion":3120}