{"stats":{"minecraft:custom":{"minecraft:time_since_rest":4252,"minecraft:open_chest":3,"minecraft:crouch_one_cm":160,"minecraft:play_time":13226,"minecraft:sprint_one_cm":8869,"minecraft:walk_one_cm":21536,"minecraft:damage_taken":795,"minecraft:deaths":2,"minecraft:sneak_time":353,"minecraft:mob_kills":1,"minecraft:drop":2,"minecraft:jump":99,"minecraft:damage_dealt":168,"minecraft:time_since_death":4222,"minecraft:total_world_time":13226,"minecraft:climb_one_cm":436,"minecraft:fall_one_cm":1974,"minecraft:fly_one_cm":13996},"minecraft:killed":{"zombie_extreme:infected":1},"minecraft:mined":{"gravestone:gravestone":2,"minecraft:grass":8,"minecraft:grass_block":3,"minecraft:dirt":2,"minecraft:tall_grass":1,"treechop:chopped_log":1},"minecraft:used":{"minecraft:dirt":2,"zombie_extreme:canned_food":1},"minecraft:dropped":{"gravestone:obituary":2},"minecraft:killed_by":{"minecraft:zombie":1,"zombie_extreme:infected":1},"minecraft:crafted":{"minecraft:oak_planks":20},"minecraft:picked_up":{"minecraft:stick":1,"minecraft:wheat_seeds":3,"minecraft:oak_log":5,"zombie_extreme:cloth":1,"minecraft:dirt":5,"minecraft:dark_oak_door":1}},"DataVersion":3120}