{"stats":{"minecraft:custom":{"minecraft:mob_kills":51,"minecraft:inspect_hopper":6,"minecraft:interact_with_crafting_table":17,"minecraft:open_barrel":14,"minecraft:interact_with_campfire":10,"minecraft:leave_game":5,"minecraft:time_since_death":19607,"minecraft:climb_one_cm":54133,"minecraft:damage_resisted":30,"minecraft:sprint_one_cm":165542,"minecraft:walk_one_cm":321391,"minecraft:drop":11,"minecraft:play_time":156367,"minecraft:deaths":5,"minecraft:sneak_time":6694,"minecraft:walk_under_water_one_cm":1990,"minecraft:jump":1272,"minecraft:walk_on_water_one_cm":2048,"minecraft:total_world_time":156367,"minecraft:interact_with_furnace":6,"minecraft:sleep_in_bed":4,"minecraft:time_since_rest":117,"minecraft:damage_taken":2824,"minecraft:damage_absorbed":40,"minecraft:trigger_trapped_chest":2,"minecraft:damage_dealt":9242,"minecraft:swim_one_cm":944,"minecraft:fly_one_cm":158232,"minecraft:open_chest":22,"minecraft:crouch_one_cm":13879,"minecraft:fall_one_cm":34697},"minecraft:picked_up":{"minecraft:crafting_table":2,"minecraft:coarse_dirt":1,"minecraft:ladder":1,"minecraft:gold_block":1,"gravestone:obituary":1,"minecraft:brick":4,"minecraft:amethyst_block":1,"minecraft:string":17,"minecraft:raw_copper":108,"minecraft:beetroot_soup":1,"minecraft:item_frame":4,"minecraft:gold_nugget":1,"minecraft:cobbled_deepslate":23,"minecraft:chest":4,"minecraft:furnace":2,"minecraft:dark_oak_door":1,"zombie_extreme:raw_aluminum":5,"minecraft:stick":10,"minecraft:raw_iron":5,"minecraft:torch":12,"minecraft:porkchop":3,"minecraft:carrot":44,"minecraft:dark_oak_planks":1,"minecraft:rotten_flesh":55,"minecraft:honey_bottle":1,"minecraft:cactus":2,"k_turrets:raw_titanium":8,"prefab:item_swift_blade_stone":1,"zombie_extreme:rotten_apple":1,"minecraft:cracked_deepslate_bricks":1,"minecraft:saddle":3,"minecraft:mutton":7,"minecraft:iron_bars":2,"minecraft:white_wool":2,"minecraft:cobblestone":140,"minecraft:enchanting_table":1,"minecraft:leather_chestplate":1,"minecraft:iron_door":1,"minecraft:potato":3,"minecraft:oak_log":11,"minecraft:gunpowder":20,"minecraft:dirt":28,"zombie_extreme:raw_steel":6,"minecraft:leather_boots":1,"minecraft:cooked_mutton":7,"minecraft:bone":15,"minecraft:gray_carpet":3,"minecraft:wheat_seeds":4,"horror_element_mod:sound_block":1,"minecraft:iron_ingot":1,"zombie_extreme:cloth":1,"horror_element_mod:spider_head":1,"minecraft:dark_oak_stairs":2,"minecraft:book":12,"minecraft:cooked_porkchop":3,"minecraft:dripstone_block":2,"minecraft:gravel":1,"minecraft:sand":16,"minecraft:red_banner":1,"minecraft:spruce_log":28,"minecraft:fermented_spider_eye":1,"minecraft:barrel":1,"minecraft:spider_eye":4,"minecraft:mossy_cobblestone":1,"minecraft:pumpkin_seeds":2,"minecraft:slime_ball":1,"minecraft:golden_apple":1,"minecraft:gray_wool":1,"alexsmobs:maggot":4,"minecraft:oak_sapling":5,"minecraft:black_wool":1,"minecraft:coal":158},"minecraft:broken":{"minecraft:stone_pickaxe":2},"minecraft:killed_by":{"zombie_extreme:night_hunter":3,"zombie_extreme:infected":1,"minecraft:zombie":1},"minecraft:crafted":{"minecraft:oak_planks":20,"minecraft:cobblestone_slab":6,"minecraft:leather_boots":1,"minecraft:spruce_button":1,"minecraft:furnace":1,"minecraft:bone_meal":3,"sophisticatedbackpacks:copper_backpack":1,"minecraft:stone_pickaxe":3,"minecraft:crafting_table":3,"prefab:item_swift_blade_stone":1,"minecraft:spruce_planks":28,"minecraft:wooden_pickaxe":1,"minecraft:bucket":1,"minecraft:stone_axe":1,"prefab:item_swift_blade_iron":1,"minecraft:air":0,"minecraft:shield":2,"minecraft:white_dye":3,"minecraft:stick":16,"minecraft:iron_ingot":2,"minecraft:iron_pickaxe":1,"minecraft:torch":52},"minecraft:dropped":{"prefab:item_swift_blade_stone":1,"gravestone:obituary":6,"minecraft:gray_carpet":1,"minecraft:bowl":1,"minecraft:brick":2},"minecraft:mined":{"minecraft:dark_oak_planks":1,"minecraft:mossy_cobblestone":1,"gravestone:gravestone":5,"minecraft:ladder":1,"minecraft:dark_oak_pressure_plate":1,"minecraft:grass_block":15,"minecraft:spawner":2,"horror_element_mod:rotten_body":1,"minecraft:furnace":2,"minecraft:carrots":12,"minecraft:iron_ore":5,"minecraft:cobbled_deepslate":1,"minecraft:barrel":1,"zombie_extreme:ore_steel":6,"treechop:chopped_log":5,"minecraft:dark_oak_stairs":2,"minecraft:gold_block":1,"minecraft:enchanting_table":1,"minecraft:sculk_shrieker":1,"minecraft:bookshelf":4,"minecraft:potatoes":3,"minecraft:vine":2,"minecraft:iron_bars":2,"horror_element_mod:crucified_body":1,"minecraft:stone":132,"horror_element_mod:spider_head":1,"zombie_extreme:ore_aluminum":5,"horror_element_mod:sound_block":1,"horror_element_mod:impaled_skeleton":1,"minecraft:glass_pane":15,"minecraft:crafting_table":2,"minecraft:torch":3,"minecraft:gray_stained_glass":2,"minecraft:chest":4,"minecraft:white_stained_glass_pane":2,"minecraft:tall_grass":7,"minecraft:copper_ore":28,"minecraft:cobblestone":14,"minecraft:cracked_deepslate_bricks":1,"minecraft:iron_door":1,"minecraft:wall_torch":9,"minecraft:amethyst_block":1,"minecraft:cactus":1,"minecraft:coarse_dirt":1,"horror_element_mod:spiked_villager":1,"minecraft:spruce_log":3,"minecraft:red_wall_banner":1,"k_turrets:titanium_ore":8,"minecraft:grass":23,"minecraft:coal_ore":124,"minecraft:dripstone_block":2,"minecraft:gravel":1,"minecraft:sand":6,"minecraft:dirt":13,"minecraft:gray_carpet":2,"minecraft:cobweb":7,"minecraft:deepslate":23},"minecraft:killed":{"zombie_extreme:night_hunter":1,"alexsmobs:raccoon":2,"alexsmobs:leafcutter_ant":1,"zombie_extreme:crawler":1,"minecraft:pig":1,"zombie_extreme:boomer":1,"zombie_extreme:infected":3,"zombie_extreme:infected_hazmat":1,"zombie_extreme:chainsaw":1,"minecraft:sheep":4,"kevin_trophy:blister_zombie":1,"minecraft:pillager":1,"minecraft:zombie":29,"alexsmobs:fly":2},"minecraft:used":{"minecraft:enchanting_table":1,"zombie_extreme:cleaver":173,"minecraft:ladder":1,"minecraft:chest":2,"zombie_extreme:canned_food":1,"minecraft:rotten_flesh":8,"minecraft:torch":64,"minecraft:dirt":13,"minecraft:carrot":41,"minecraft:honey_bottle":2,"alexsmobs:maggot":4,"minecraft:spruce_button":1,"minecraft:barrel":1,"minecraft:item_frame":4,"prefab:item_swift_blade_stone":89,"minecraft:furnace":2,"minecraft:skeleton_skull":5,"minecraft:potato":7,"minecraft:beetroot_soup":1,"minecraft:cooked_mutton":5,"minecraft:water_bucket":6,"minecraft:stone_pickaxe":310,"minecraft:gray_carpet":1,"horror_element_mod:slashed_skull":1,"minecraft:oak_planks":6,"minecraft:wooden_pickaxe":8,"prefab:item_swift_blade_iron":17,"minecraft:golden_apple":1,"minecraft:sand":8,"horror_element_mod:spider_head":1,"minecraft:crafting_table":5,"horror_element_mod:sound_block":1,"minecraft:apple":2,"minecraft:bread":1,"minecraft:iron_pickaxe":62,"zombie_extreme:syringe_drug":1,"minecraft:gravel":1,"zombie_extreme:baseball_bat":5,"minecraft:stone_axe":44,"minecraft:cobblestone":34,"minecraft:cooked_porkchop":3,"minecraft:bucket":7}},"DataVersion":3120}