{"stats":{"minecraft:custom":{"minecraft:interact_with_furnace":2,"minecraft:mob_kills":34,"minecraft:inspect_hopper":3,"minecraft:open_barrel":7,"minecraft:interact_with_crafting_table":10,"minecraft:interact_with_campfire":9,"minecraft:leave_game":1,"minecraft:time_since_death":48786,"minecraft:sleep_in_bed":1,"minecraft:climb_one_cm":17586,"minecraft:damage_resisted":30,"minecraft:time_since_rest":37702,"minecraft:sprint_one_cm":85083,"minecraft:walk_one_cm":169239,"minecraft:damage_taken":1553,"minecraft:damage_absorbed":40,"minecraft:drop":3,"minecraft:damage_dealt":5592,"minecraft:swim_one_cm":944,"minecraft:fly_one_cm":94008,"minecraft:open_chest":12,"minecraft:crouch_one_cm":8057,"minecraft:play_time":83510,"minecraft:deaths":3,"minecraft:sneak_time":3188,"minecraft:walk_under_water_one_cm":801,"minecraft:jump":666,"minecraft:walk_on_water_one_cm":1944,"minecraft:total_world_time":83510,"minecraft:fall_one_cm":16694},"minecraft:picked_up":{"minecraft:enchanting_table":1,"minecraft:crafting_table":2,"minecraft:leather_chestplate":1,"minecraft:ladder":1,"minecraft:iron_door":1,"minecraft:oak_log":11,"zombie_extreme:raw_steel":6,"minecraft:gunpowder":20,"minecraft:string":15,"minecraft:dirt":11,"minecraft:raw_copper":79,"minecraft:item_frame":1,"minecraft:cooked_mutton":4,"minecraft:leather_boots":1,"minecraft:bone":8,"minecraft:wheat_seeds":4,"minecraft:iron_ingot":1,"zombie_extreme:cloth":1,"minecraft:chest":3,"minecraft:book":12,"minecraft:furnace":1,"minecraft:dark_oak_door":1,"minecraft:stick":10,"minecraft:cooked_porkchop":3,"minecraft:torch":8,"minecraft:gravel":1,"minecraft:porkchop":3,"minecraft:sand":12,"minecraft:spruce_log":28,"minecraft:carrot":44,"minecraft:mossy_cobblestone":1,"minecraft:barrel":1,"minecraft:spider_eye":3,"minecraft:pumpkin_seeds":2,"minecraft:cactus":2,"minecraft:honey_bottle":1,"minecraft:rotten_flesh":30,"minecraft:slime_ball":1,"minecraft:golden_apple":1,"minecraft:gray_wool":1,"minecraft:saddle":3,"minecraft:oak_sapling":5,"minecraft:black_wool":1,"minecraft:mutton":6,"minecraft:iron_bars":2,"minecraft:coal":61,"minecraft:white_wool":2,"minecraft:cobblestone":98},"minecraft:broken":{"minecraft:stone_pickaxe":1},"minecraft:killed_by":{"zombie_extreme:infected":1,"zombie_extreme:night_hunter":1,"minecraft:zombie":1},"minecraft:crafted":{"minecraft:oak_planks":20,"minecraft:cobblestone_slab":6,"minecraft:crafting_table":3,"minecraft:spruce_planks":28,"minecraft:wooden_pickaxe":1,"minecraft:stone_axe":1,"minecraft:stick":4,"minecraft:iron_pickaxe":1,"minecraft:stone_pickaxe":2,"minecraft:torch":20},"minecraft:dropped":{"gravestone:obituary":3},"minecraft:mined":{"minecraft:glass_pane":15,"minecraft:mossy_cobblestone":1,"minecraft:torch":1,"minecraft:crafting_table":2,"minecraft:dark_oak_pressure_plate":1,"gravestone:gravestone":3,"minecraft:ladder":1,"minecraft:grass_block":4,"minecraft:gray_stained_glass":2,"minecraft:chest":3,"minecraft:white_stained_glass_pane":2,"minecraft:copper_ore":19,"minecraft:tall_grass":5,"minecraft:cobblestone":6,"minecraft:iron_door":1,"minecraft:wall_torch":7,"minecraft:spawner":2,"minecraft:cactus":1,"minecraft:furnace":1,"minecraft:carrots":12,"minecraft:barrel":1,"zombie_extreme:ore_steel":6,"minecraft:spruce_log":3,"treechop:chopped_log":5,"minecraft:enchanting_table":1,"minecraft:grass":14,"minecraft:bookshelf":4,"minecraft:vine":2,"minecraft:coal_ore":57,"minecraft:iron_bars":2,"minecraft:gravel":1,"minecraft:sand":2,"minecraft:dirt":7,"minecraft:cobweb":6,"minecraft:stone":93},"minecraft:used":{"zombie_extreme:cleaver":173,"minecraft:stone_pickaxe":195,"minecraft:oak_planks":6,"minecraft:ladder":1,"minecraft:chest":2,"minecraft:wooden_pickaxe":8,"zombie_extreme:canned_food":1,"minecraft:rotten_flesh":8,"minecraft:torch":13,"minecraft:golden_apple":1,"minecraft:dirt":7,"minecraft:sand":6,"minecraft:crafting_table":4,"minecraft:carrot":18,"minecraft:honey_bottle":2,"minecraft:bread":1,"zombie_extreme:syringe_drug":1,"minecraft:gravel":1,"zombie_extreme:baseball_bat":5,"minecraft:barrel":1,"minecraft:item_frame":1,"minecraft:stone_axe":30,"minecraft:cobblestone":24,"minecraft:furnace":1,"minecraft:cooked_porkchop":1},"minecraft:killed":{"zombie_extreme:crawler":1,"minecraft:pig":1,"zombie_extreme:infected":1,"zombie_extreme:infected_hazmat":1,"alexsmobs:raccoon":1,"minecraft:sheep":4,"minecraft:pillager":1,"minecraft:zombie":22}},"DataVersion":3120}