{"stats":{"minecraft:custom":{"minecraft:time_since_rest":16252,"minecraft:interact_with_furnace":1,"minecraft:sprint_one_cm":23656,"minecraft:damage_taken":950,"minecraft:walk_one_cm":61696,"minecraft:mob_kills":7,"minecraft:drop":2,"minecraft:damage_dealt":1166,"minecraft:interact_with_crafting_table":2,"minecraft:fly_one_cm":25099,"minecraft:open_chest":5,"minecraft:crouch_one_cm":1264,"minecraft:play_time":25226,"minecraft:deaths":2,"minecraft:sneak_time":896,"minecraft:jump":181,"minecraft:time_since_death":16222,"minecraft:climb_one_cm":2433,"minecraft:total_world_time":25226,"minecraft:damage_resisted":30,"minecraft:fall_one_cm":3333},"minecraft:mined":{"minecraft:glass_pane":6,"minecraft:furnace":1,"treechop:chopped_log":1,"minecraft:enchanting_table":1,"gravestone:gravestone":2,"minecraft:grass":8,"minecraft:bookshelf":4,"minecraft:grass_block":3,"minecraft:gray_stained_glass":2,"minecraft:chest":2,"minecraft:white_stained_glass_pane":2,"minecraft:dirt":2,"minecraft:cobweb":5,"minecraft:tall_grass":1,"minecraft:cobblestone":2,"minecraft:stone":12,"minecraft:spawner":2},"minecraft:killed":{"zombie_extreme:crawler":1,"minecraft:zombie":3,"zombie_extreme:infected":1},"minecraft:used":{"zombie_extreme:cleaver":39,"minecraft:stone_pickaxe":10,"minecraft:wooden_pickaxe":8,"zombie_extreme:canned_food":1,"zombie_extreme:syringe_drug":1,"minecraft:rotten_flesh":3,"minecraft:dirt":5,"minecraft:cobblestone":6,"minecraft:crafting_table":1,"minecraft:furnace":1},"minecraft:dropped":{"gravestone:obituary":2},"minecraft:killed_by":{"zombie_extreme:infected":1,"minecraft:zombie":1},"minecraft:crafted":{"minecraft:oak_planks":20,"minecraft:crafting_table":1,"minecraft:stick":4,"minecraft:wooden_pickaxe":1,"minecraft:stone_pickaxe":1},"minecraft:picked_up":{"minecraft:book":12,"minecraft:enchanting_table":1,"minecraft:stick":1,"minecraft:sand":8,"minecraft:oak_log":5,"minecraft:gunpowder":13,"minecraft:dirt":5,"minecraft:string":11,"minecraft:rotten_flesh":6,"minecraft:wheat_seeds":3,"minecraft:saddle":2,"zombie_extreme:cloth":1,"minecraft:chest":2,"minecraft:furnace":1,"minecraft:cobblestone":14,"minecraft:dark_oak_door":1}},"DataVersion":3120}