{"stats":{"minecraft:custom":{"minecraft:interact_with_furnace":2,"minecraft:mob_kills":23,"minecraft:interact_with_crafting_table":2,"minecraft:leave_game":1,"minecraft:time_since_death":7386,"minecraft:climb_one_cm":6800,"minecraft:damage_resisted":30,"minecraft:time_since_rest":7415,"minecraft:sprint_one_cm":58290,"minecraft:walk_one_cm":112772,"minecraft:damage_taken":1429,"minecraft:damage_absorbed":40,"minecraft:drop":3,"minecraft:damage_dealt":4133,"minecraft:fly_one_cm":63542,"minecraft:open_chest":8,"minecraft:crouch_one_cm":4082,"minecraft:play_time":42110,"minecraft:deaths":3,"minecraft:sneak_time":1356,"minecraft:jump":395,"minecraft:total_world_time":42110,"minecraft:fall_one_cm":9883},"minecraft:mined":{"minecraft:glass_pane":15,"gravestone:gravestone":3,"minecraft:ladder":1,"minecraft:grass_block":3,"minecraft:gray_stained_glass":2,"minecraft:chest":3,"minecraft:white_stained_glass_pane":2,"minecraft:tall_grass":5,"minecraft:cobblestone":4,"minecraft:iron_door":1,"minecraft:spawner":2,"minecraft:furnace":1,"treechop:chopped_log":1,"minecraft:enchanting_table":1,"minecraft:grass":8,"minecraft:bookshelf":4,"minecraft:dirt":2,"minecraft:cobweb":6,"minecraft:stone":12},"minecraft:killed":{"zombie_extreme:crawler":1,"minecraft:pig":1,"zombie_extreme:infected":1,"minecraft:pillager":1,"minecraft:zombie":17},"minecraft:used":{"zombie_extreme:cleaver":122,"minecraft:stone_pickaxe":13,"minecraft:ladder":1,"minecraft:oak_planks":6,"minecraft:wooden_pickaxe":8,"zombie_extreme:canned_food":1,"minecraft:rotten_flesh":7,"minecraft:golden_apple":1,"minecraft:dirt":5,"minecraft:crafting_table":1,"zombie_extreme:syringe_drug":1,"minecraft:cobblestone":13,"minecraft:furnace":1},"minecraft:dropped":{"gravestone:obituary":3},"minecraft:killed_by":{"zombie_extreme:infected":1,"zombie_extreme:night_hunter":1,"minecraft:zombie":1},"minecraft:crafted":{"minecraft:oak_planks":20,"minecraft:crafting_table":1,"minecraft:wooden_pickaxe":1,"minecraft:stick":4,"minecraft:stone_pickaxe":1},"minecraft:picked_up":{"minecraft:enchanting_table":1,"minecraft:leather_chestplate":1,"minecraft:ladder":1,"minecraft:iron_door":1,"minecraft:oak_log":5,"minecraft:gunpowder":20,"minecraft:string":13,"minecraft:dirt":5,"minecraft:leather_boots":1,"minecraft:bone":8,"minecraft:wheat_seeds":4,"minecraft:iron_ingot":1,"zombie_extreme:cloth":1,"minecraft:chest":3,"minecraft:dark_oak_door":1,"minecraft:furnace":1,"minecraft:book":12,"minecraft:stick":1,"minecraft:porkchop":3,"minecraft:sand":8,"minecraft:spider_eye":3,"minecraft:pumpkin_seeds":2,"minecraft:honey_bottle":1,"minecraft:rotten_flesh":30,"minecraft:slime_ball":1,"minecraft:golden_apple":1,"minecraft:saddle":3,"minecraft:coal":4,"minecraft:cobblestone":16}},"DataVersion":3120}