{"stats":{"minecraft:custom":{"minecraft:interact_with_furnace":2,"minecraft:mob_kills":35,"minecraft:inspect_hopper":5,"minecraft:open_barrel":13,"minecraft:interact_with_crafting_table":10,"minecraft:interact_with_campfire":9,"minecraft:leave_game":2,"minecraft:time_since_death":74797,"minecraft:sleep_in_bed":2,"minecraft:climb_one_cm":36893,"minecraft:damage_resisted":30,"minecraft:time_since_rest":21128,"minecraft:sprint_one_cm":100671,"minecraft:walk_one_cm":214888,"minecraft:damage_taken":1667,"minecraft:damage_absorbed":40,"minecraft:drop":6,"minecraft:damage_dealt":5793,"minecraft:swim_one_cm":944,"minecraft:fly_one_cm":102436,"minecraft:open_chest":21,"minecraft:crouch_one_cm":9261,"minecraft:play_time":109521,"minecraft:deaths":3,"minecraft:sneak_time":4146,"minecraft:walk_under_water_one_cm":801,"minecraft:jump":747,"minecraft:walk_on_water_one_cm":1944,"minecraft:total_world_time":109521,"minecraft:fall_one_cm":18655},"minecraft:picked_up":{"minecraft:enchanting_table":1,"minecraft:crafting_table":2,"minecraft:leather_chestplate":1,"minecraft:ladder":1,"minecraft:iron_door":1,"minecraft:oak_log":11,"minecraft:brick":3,"zombie_extreme:raw_steel":6,"minecraft:gunpowder":20,"minecraft:string":15,"minecraft:dirt":11,"minecraft:raw_copper":79,"minecraft:beetroot_soup":1,"minecraft:item_frame":3,"minecraft:cooked_mutton":6,"minecraft:leather_boots":1,"minecraft:bone":8,"minecraft:wheat_seeds":4,"minecraft:cobbled_deepslate":22,"minecraft:iron_ingot":1,"zombie_extreme:cloth":1,"minecraft:chest":3,"minecraft:book":12,"minecraft:furnace":1,"minecraft:dark_oak_door":1,"zombie_extreme:raw_aluminum":5,"minecraft:stick":10,"minecraft:cooked_porkchop":3,"minecraft:torch":12,"minecraft:dripstone_block":2,"minecraft:gravel":1,"minecraft:porkchop":3,"minecraft:sand":16,"minecraft:spruce_log":28,"minecraft:carrot":44,"minecraft:mossy_cobblestone":1,"minecraft:barrel":1,"minecraft:spider_eye":3,"minecraft:pumpkin_seeds":2,"minecraft:cactus":2,"minecraft:honey_bottle":1,"minecraft:rotten_flesh":30,"minecraft:slime_ball":1,"minecraft:golden_apple":1,"minecraft:gray_wool":1,"minecraft:saddle":3,"minecraft:oak_sapling":5,"minecraft:black_wool":1,"minecraft:mutton":7,"minecraft:iron_bars":2,"minecraft:coal":61,"minecraft:white_wool":2,"minecraft:cobblestone":102},"minecraft:broken":{"minecraft:stone_pickaxe":1},"minecraft:killed_by":{"zombie_extreme:infected":1,"zombie_extreme:night_hunter":1,"minecraft:zombie":1},"minecraft:crafted":{"minecraft:oak_planks":20,"minecraft:cobblestone_slab":6,"minecraft:leather_boots":1,"minecraft:crafting_table":3,"minecraft:spruce_planks":28,"minecraft:wooden_pickaxe":1,"minecraft:bone_meal":3,"minecraft:stone_axe":1,"sophisticatedbackpacks:copper_backpack":1,"minecraft:white_dye":3,"minecraft:stick":4,"minecraft:iron_pickaxe":1,"minecraft:stone_pickaxe":2,"minecraft:torch":20},"minecraft:dropped":{"minecraft:bowl":1,"gravestone:obituary":3,"minecraft:brick":2},"minecraft:mined":{"zombie_extreme:ore_aluminum":5,"minecraft:glass_pane":15,"minecraft:mossy_cobblestone":1,"minecraft:torch":3,"minecraft:crafting_table":2,"minecraft:dark_oak_pressure_plate":1,"gravestone:gravestone":3,"minecraft:ladder":1,"minecraft:grass_block":4,"minecraft:gray_stained_glass":2,"minecraft:chest":3,"minecraft:white_stained_glass_pane":2,"minecraft:copper_ore":19,"minecraft:tall_grass":6,"minecraft:cobblestone":6,"minecraft:iron_door":1,"minecraft:wall_torch":9,"minecraft:spawner":2,"minecraft:cactus":1,"minecraft:furnace":1,"minecraft:carrots":12,"minecraft:barrel":1,"zombie_extreme:ore_steel":6,"minecraft:spruce_log":3,"treechop:chopped_log":5,"minecraft:enchanting_table":1,"minecraft:grass":14,"minecraft:bookshelf":4,"minecraft:vine":2,"minecraft:coal_ore":57,"minecraft:iron_bars":2,"minecraft:dripstone_block":2,"minecraft:gravel":1,"minecraft:sand":6,"minecraft:dirt":7,"minecraft:cobweb":6,"minecraft:stone":97,"minecraft:deepslate":23},"minecraft:killed":{"zombie_extreme:crawler":1,"minecraft:pig":1,"zombie_extreme:infected":2,"zombie_extreme:infected_hazmat":1,"alexsmobs:raccoon":1,"minecraft:sheep":4,"minecraft:pillager":1,"minecraft:zombie":22},"minecraft:used":{"minecraft:enchanting_table":1,"zombie_extreme:cleaver":173,"minecraft:stone_pickaxe":223,"minecraft:oak_planks":6,"minecraft:ladder":1,"minecraft:chest":2,"minecraft:wooden_pickaxe":8,"zombie_extreme:canned_food":1,"minecraft:rotten_flesh":8,"minecraft:torch":23,"minecraft:golden_apple":1,"minecraft:dirt":7,"minecraft:sand":8,"minecraft:crafting_table":4,"minecraft:carrot":37,"minecraft:honey_bottle":2,"minecraft:iron_pickaxe":7,"minecraft:bread":1,"zombie_extreme:syringe_drug":1,"minecraft:gravel":1,"zombie_extreme:baseball_bat":5,"minecraft:barrel":1,"prefab:item_swift_blade_stone":7,"minecraft:item_frame":3,"minecraft:stone_axe":30,"minecraft:cobblestone":26,"minecraft:furnace":1,"minecraft:cooked_porkchop":1,"minecraft:potato":3,"minecraft:beetroot_soup":1}},"DataVersion":3120}