{
  "astikorcarts:recipes/plow": {
    "criteria": {
      "has_wheel": "2024-06-30 22:01:24 +0000"
    },
    "done": true
  },
  "astikorcarts:recipes/supply_cart": {
    "criteria": {
      "has_wheel": "2024-06-30 22:01:24 +0000"
    },
    "done": true
  },
  "astikorcarts:recipes/animal_cart": {
    "criteria": {
      "has_wheel": "2024-06-30 22:01:24 +0000"
    },
    "done": true
  },
  "parcool:grant_parcool_guide": {
    "criteria": {
      "tick": "2024-06-30 22:01:24 +0000"
    },
    "done": true
  },
  "minecraft:adventure/adventuring_time": {
    "criteria": {
      "minecraft:plains": "2024-06-30 22:01:26 +0000"
    },
    "done": false
  },
  "DataVersion": 3120
}