{
  "astikorcarts:recipes/plow": {
    "criteria": {
      "has_wheel": "2024-06-24 12:48:59 +0000"
    },
    "done": true
  },
  "biomesoplenty:biomesoplenty/root": {
    "criteria": {
      "muskeg": "2024-06-24 12:49:01 +0000"
    },
    "done": true
  },
  "biomesoplenty:biomesoplenty/all_biomes": {
    "criteria": {
      "muskeg": "2024-06-24 12:49:01 +0000",
      "cold_desert": "2024-06-24 12:53:46 +0000",
      "tundra": "2024-06-24 12:53:40 +0000",
      "snowy_maple_woods": "2024-06-24 12:51:52 +0000"
    },
    "done": false
  },
  "astikorcarts:recipes/supply_cart": {
    "criteria": {
      "has_wheel": "2024-06-24 12:48:59 +0000"
    },
    "done": true
  },
  "astikorcarts:recipes/animal_cart": {
    "criteria": {
      "has_wheel": "2024-06-24 12:48:59 +0000"
    },
    "done": true
  },
  "parcool:grant_parcool_guide": {
    "criteria": {
      "tick": "2024-06-24 12:49:00 +0000"
    },
    "done": true
  },
  "minecraft:adventure/adventuring_time": {
    "criteria": {
      "minecraft:frozen_river": "2024-06-24 12:53:00 +0000",
      "minecraft:snowy_beach": "2024-06-24 12:52:24 +0000"
    },
    "done": false
  },
  "DataVersion": 3120
}